RPM,MAP,Vacuum,Coolant Temp,AFR,Target AFR,AFR Trim %,AFR Learn %,Fan,TPS,Fuel PW,Target RPM,IAC Steps,Idle PID,Pump PWM,Air Temp,Cylinder Temp,Battery,BARO,Run State,Fault,Fault,Fault,Fault,Save Fault,Save Fault,Save Fault,Save Fault,Gear State,vehicle speed,
1793,49.3,-15.0,177,12.8,13.91,-3.1,0.0,1,9.1,2.70,733,40,-15,0,98,141,13.80,102.3,Dash,0,0,0,0,0,0,0,0,0,0,
RPM,MAP,Vacuum,Coolant Temp,AFR,Target AFR,AFR Trim %,AFR Learn %,Fan,TPS,Fuel PW,Target RPM,IAC Steps,Idle PID,Pump PWM,Air Temp,Cylinder Temp,Battery,BARO,Run State,Fault,Fault,Fault,Fault,Save Fault,Save Fault,Save Fault,Save Fault,Gear State,vehicle speed,
1912,48.3,-15.3,177,12.5,13.97,-6.3,0.8,1,9.1,2.68,733,41,-15,0,98,141,13.90,102.3,Dash,0,0,0,0,0,0,0,0,0,0,
RPM,MAP,Vacuum,Coolant Temp,AFR,Target AFR,AFR Trim %,AFR Learn %,Fan,TPS,Fuel PW,Target RPM,IAC Steps,Idle PID,Pump PWM,Air Temp,Cylinder Temp,Battery,BARO,Run State,Fault,Fault,Fault,Fault,Save Fault,Save Fault,Save Fault,Save Fault,Gear State,vehicle speed,
1980,57.3,-12.6,177,12.6,13.72,-0.8,-0.8,1,13.1,3.38,733,42,-15,0,98,140,13.80,102.3,Dash,0,0,0,0,0,0,0,0,0,0,
RPM,MAP,Vacuum,Coolant Temp,AFR,Target AFR,AFR Trim %,AFR Learn %,Fan,TPS,Fuel PW,Target RPM,IAC Steps,Idle PID,Pump PWM,Air Temp,Cylinder Temp,Battery,BARO,Run State,Fault,Fault,Fault,Fault,Save Fault,Save Fault,Save Fault,Save Fault,Gear State,vehicle speed,
2089,65.3,-10.3,177,12.5,13.49,0.0,-1.6,1,17.7,4.04,733,42,-15,0,98,140,13.80,102.3,Dash,0,0,0,0,0,0,0,0,0,0,
RPM,MAP,Vacuum,Coolant Temp,AFR,Target AFR,AFR Trim %,AFR Learn %,Fan,TPS,Fuel PW,Target RPM,IAC Steps,Idle PID,Pump PWM,Air Temp,Cylinder Temp,Battery,BARO,Run State,Fault,Fault,Fault,Fault,Save Fault,Save Fault,Save Fault,Save Fault,Gear State,vehicle speed,
2212,65.0,-10.3,176,11.9,13.50,-3.1,-1.6,1,17.7,4.00,733,43,-15,0,98,140,13.80,102.3,Dash,0,0,0,0,0,0,0,0,0,0,
RPM,MAP,Vacuum,Coolant Temp,AFR,Target AFR,AFR Trim %,AFR Learn %,Fan,TPS,Fuel PW,Target RPM,IAC Steps,Idle PID,Pump PWM,Air Temp,Cylinder Temp,Battery,BARO,Run State,Fault,Fault,Fault,Fault,Save Fault,Save Fault,Save Fault,Save Fault,Gear State,vehicle speed,
2331,63.5,-10.8,176,11.3,13.57,-6.3,-0.8,1,17.7,3.89,733,45,-15,0,98,140,13.80,102.3,Dash,0,0,0,0,0,0,0,0,0,0,
RPM,MAP,Vacuum,Coolant Temp,AFR,Target AFR,AFR Trim %,AFR Learn %,Fan,TPS,Fuel PW,Target RPM,IAC Steps,Idle PID,Pump PWM,Air Temp,Cylinder Temp,Battery,BARO,Run State,Fault,Fault,Fault,Fault,Save Fault,Save Fault,Save Fault,Save Fault,Gear State,vehicle speed,
2446,62.0,-11.2,176,11.3,13.63,-10.9,-0.8,1,17.7,3.70,733,45,-15,0,98,140,13.80,102.3,Dash,0,0,0,0,0,0,0,0,0,0,
RPM,MAP,Vacuum,Coolant Temp,AFR,Target AFR,AFR Trim %,AFR Learn %,Fan,TPS,Fuel PW,Target RPM,IAC Steps,Idle PID,Pump PWM,Air Temp,Cylinder Temp,Battery,BARO,Run State,Fault,Fault,Fault,Fault,Save Fault,Save Fault,Save Fault,Save Fault,Gear State,vehicle speed,
2604,60.8,-11.6,176,11.2,13.70,-14.1,-0.8,1,17.7,3.63,733,45,-15,0,98,140,13.80,102.3,Dash,0,0,0,0,0,0,0,0,0,0,
RPM,MAP,Vacuum,Coolant Temp,AFR,Target AFR,AFR Trim %,AFR Learn %,Fan,TPS,Fuel PW,Target RPM,IAC Steps,Idle PID,Pump PWM,Air Temp,Cylinder Temp,Battery,BARO,Run State,Fault,Fault,Fault,Fault,Save Fault,Save Fault,Save Fault,Save Fault,Gear State,vehicle speed,
2707,59.3,-12.0,176,11.4,13.74,-17.2,0.0,1,17.7,3.49,733,47,-15,0,98,138,13.80,102.3,Dash,0,0,0,0,0,0,0,0,0,0,
RPM,MAP,Vacuum,Coolant Temp,AFR,Target AFR,AFR Trim %,AFR Learn %,Fan,TPS,Fuel PW,Target RPM,IAC Steps,Idle PID,Pump PWM,Air Temp,Cylinder Temp,Battery,BARO,Run State,Fault,Fault,Fault,Fault,Save Fault,Save Fault,Save Fault,Save Fault,Gear State,vehicle speed,
2804,56.5,-12.8,176,11.7,13.93,-21.1,0.0,1,17.7,3.17,733,47,-15,0,98,138,13.80,102.3,Dash,0,0,0,0,0,0,0,0,0,0,
RPM,MAP,Vacuum,Coolant Temp,AFR,Target AFR,AFR Trim %,AFR Learn %,Fan,TPS,Fuel PW,Target RPM,IAC Steps,Idle PID,Pump PWM,Air Temp,Cylinder Temp,Battery,BARO,Run State,Fault,Fault,Fault,Fault,Save Fault,Save Fault,Save Fault,Save Fault,Gear State,vehicle speed,
2895,54.3,-13.5,176,12.0,13.99,-25.0,0.0,1,17.7,2.95,733,47,-15,0,98,138,13.80,102.3,Dash,0,0,0,0,0,0,0,0,0,0,
RPM,MAP,Vacuum,Coolant Temp,AFR,Target AFR,AFR Trim %,AFR Learn %,Fan,TPS,Fuel PW,Target RPM,IAC Steps,Idle PID,Pump PWM,Air Temp,Cylinder Temp,Battery,BARO,Run State,Fault,Fault,Fault,Fault,Save Fault,Save Fault,Save Fault,Save Fault,Gear State,vehicle speed,
2973,52.3,-14.1,176,12.5,14.07,-27.3,0.0,1,17.7,2.79,733,49,-15,0,98,138,13.80,102.3,Dash,0,0,0,0,0,0,0,0,0,0,
RPM,MAP,Vacuum,Coolant Temp,AFR,Target AFR,AFR Trim %,AFR Learn %,Fan,TPS,Fuel PW,Target RPM,IAC Steps,Idle PID,Pump PWM,Air Temp,Cylinder Temp,Battery,BARO,Run State,Fault,Fault,Fault,Fault,Save Fault,Save Fault,Save Fault,Save Fault,Gear State,vehicle speed,
3090,51.3,-14.4,176,13.4,14.11,-28.1,0.0,1,17.7,2.72,733,49,-15,0,98,138,13.80,102.3,Dash,0,0,0,0,0,0,0,0,0,0,
RPM,MAP,Vacuum,Coolant Temp,AFR,Target AFR,AFR Trim %,AFR Learn %,Fan,TPS,Fuel PW,Target RPM,IAC Steps,Idle PID,Pump PWM,Air Temp,Cylinder Temp,Battery,BARO,Run State,Fault,Fault,Fault,Fault,Save Fault,Save Fault,Save Fault,Save Fault,Gear State,vehicle speed,
3151,50.0,-14.8,176,13.9,14.11,-17.2,0.0,1,17.7,3.02,733,49,-15,0,98,138,13.80,102.3,Dash,0,0,0,0,0,0,0,0,0,0,
RPM,MAP,Vacuum,Coolant Temp,AFR,Target AFR,AFR Trim %,AFR Learn %,Fan,TPS,Fuel PW,Target RPM,IAC Steps,Idle PID,Pump PWM,Air Temp,Cylinder Temp,Battery,BARO,Run State,Fault,Fault,Fault,Fault,Save Fault,Save Fault,Save Fault,Save Fault,Gear State,vehicle speed,
2088,50.0,-14.8,176,14.5,14.13,-16.4,-0.8,1,17.7,2.72,733,49,-15,0,98,138,13.90,102.3,Dash,0,0,0,0,0,0,0,0,0,0,
RPM,MAP,Vacuum,Coolant Temp,AFR,Target AFR,AFR Trim %,AFR Learn %,Fan,TPS,Fuel PW,Target RPM,IAC Steps,Idle PID,Pump PWM,Air Temp,Cylinder Temp,Battery,BARO,Run State,Fault,Fault,Fault,Fault,Save Fault,Save Fault,Save Fault,Save Fault,Gear State,vehicle speed,
3022,48.5,-15.2,176,15.6,14.10,-14.1,-0.8,1,17.7,2.94,733,48,-15,0,98,138,13.80,102.3,Dash,0,0,0,0,0,0,0,0,0,0,
RPM,MAP,Vacuum,Coolant Temp,AFR,Target AFR,AFR Trim %,AFR Learn %,Fan,TPS,Fuel PW,Target RPM,IAC Steps,Idle PID,Pump PWM,Air Temp,Cylinder Temp,Battery,BARO,Run State,Fault,Fault,Fault,Fault,Save Fault,Save Fault,Save Fault,Save Fault,Gear State,vehicle speed,
2959,48.5,-15.2,176,16.3,14.29,-10.2,-1.6,1,17.7,3.01,733,48,-15,0,100,138,13.80,102.3,Dash,0,0,0,0,0,0,0,0,0,0,
RPM,MAP,Vacuum,Coolant Temp,AFR,Target AFR,AFR Trim %,AFR Learn %,Fan,TPS,Fuel PW,Target RPM,IAC Steps,Idle PID,Pump PWM,Air Temp,Cylinder Temp,Battery,BARO,Run State,Fault,Fault,Fault,Fault,Save Fault,Save Fault,Save Fault,Save Fault,Gear State,vehicle speed,
3175,48.8,-15.1,176,17.1,14.14,-6.3,-1.6,1,17.7,2.82,733,49,-15,0,100,138,13.80,102.3,Dash,0,0,0,0,0,0,0,0,0,0,
RPM,MAP,Vacuum,Coolant Temp,AFR,Target AFR,AFR Trim %,AFR Learn %,Fan,TPS,Fuel PW,Target RPM,IAC Steps,Idle PID,Pump PWM,Air Temp,Cylinder Temp,Battery,BARO,Run State,Fault,Fault,Fault,Fault,Save Fault,Save Fault,Save Fault,Save Fault,Gear State,vehicle speed,
3005,51.0,-14.5,176,17.7,13.72,-3.1,-1.6,1,19.7,3.48,733,48,-15,0,100,138,13.80,102.3,Dash,0,0,0,0,0,0,0,0,0,0,
RPM,MAP,Vacuum,Coolant Temp,AFR,Target AFR,AFR Trim %,AFR Learn %,Fan,TPS,Fuel PW,Target RPM,IAC Steps,Idle PID,Pump PWM,Air Temp,Cylinder Temp,Battery,BARO,Run State,Fault,Fault,Fault,Fault,Save Fault,Save Fault,Save Fault,Save Fault,Gear State,vehicle speed,
3438,52.3,-14.1,176,16.9,14.05,0.8,-0.8,1,20.2,3.39,733,49,-15,0,100,138,13.80,102.3,Dash,0,0,0,0,0,0,0,0,0,0,
RPM,MAP,Vacuum,Coolant Temp,AFR,Target AFR,AFR Trim %,AFR Learn %,Fan,TPS,Fuel PW,Target RPM,IAC Steps,Idle PID,Pump PWM,Air Temp,Cylinder Temp,Battery,BARO,Run State,Fault,Fault,Fault,Fault,Save Fault,Save Fault,Save Fault,Save Fault,Gear State,vehicle speed,
1118,52.8,-14.0,176,15.8,13.65,3.1,-13.3,1,20.2,2.71,733,48,-15,0,100,138,13.80,102.3,Dash,0,0,0,0,0,0,0,0,0,0,
RPM,MAP,Vacuum,Coolant Temp,AFR,Target AFR,AFR Trim %,AFR Learn %,Fan,TPS,Fuel PW,Target RPM,IAC Steps,Idle PID,Pump PWM,Air Temp,Cylinder Temp,Battery,BARO,Run State,Fault,Fault,Fault,Fault,Save Fault,Save Fault,Save Fault,Save Fault,Gear State,vehicle speed,
1663,52.5,-14.0,176,16.2,13.93,6.3,-3.9,1,20.2,3.30,733,48,-15,0,100,138,13.80,102.3,Dash,36,0,0,0,0,0,0,0,0,0,
RPM,MAP,Vacuum,Coolant Temp,AFR,Target AFR,AFR Trim %,AFR Learn %,Fan,TPS,Fuel PW,Target RPM,IAC Steps,Idle PID,Pump PWM,Air Temp,Cylinder Temp,Battery,BARO,Run State,Fault,Fault,Fault,Fault,Save Fault,Save Fault,Save Fault,Save Fault,Gear State,vehicle speed,
2431,54.0,-13.6,176,17.9,13.96,11.7,-1.6,1,20.2,3.33,733,51,-15,0,100,138,13.80,102.3,Dash,36,0,0,0,0,0,0,0,0,0,
RPM,MAP,Vacuum,Coolant Temp,AFR,Target AFR,AFR Trim %,AFR Learn %,Fan,TPS,Fuel PW,Target RPM,IAC Steps,Idle PID,Pump PWM,Air Temp,Cylinder Temp,Battery,BARO,Run State,Fault,Fault,Fault,Fault,Save Fault,Save Fault,Save Fault,Save Fault,Gear State,vehicle speed,
1571,51.5,-14.3,176,19.4,13.79,15.6,-5.5,1,20.2,2.94,733,49,-15,0,100,138,13.90,102.3,Dash,36,53,0,0,0,0,0,0,0,0,
RPM,MAP,Vacuum,Coolant Temp,AFR,Target AFR,AFR Trim %,AFR Learn %,Fan,TPS,Fuel PW,Target RPM,IAC Steps,Idle PID,Pump PWM,Air Temp,Cylinder Temp,Battery,BARO,Run State,Fault,Fault,Fault,Fault,Save Fault,Save Fault,Save Fault,Save Fault,Gear State,vehicle speed,
461,52.8,-14.0,176,20.2,13.64,19.5,-13.3,1,20.7,3.32,733,50,-15,0,100,138,13.80,102.3,Dash,36,53,0,0,0,0,0,0,0,0,
RPM,MAP,Vacuum,Coolant Temp,AFR,Target AFR,AFR Trim %,AFR Learn %,Fan,TPS,Fuel PW,Target RPM,IAC Steps,Idle PID,Pump PWM,Air Temp,Cylinder Temp,Battery,BARO,Run State,Fault,Fault,Fault,Fault,Save Fault,Save Fault,Save Fault,Save Fault,Gear State,vehicle speed,
2874,54.8,-13.4,176,20.1,13.98,23.4,-1.6,1,20.7,3.99,733,55,-15,0,100,138,13.90,102.3,Dash,36,53,0,0,0,0,0,0,0,0,
RPM,MAP,Vacuum,Coolant Temp,AFR,Target AFR,AFR Trim %,AFR Learn %,Fan,TPS,Fuel PW,Target RPM,IAC Steps,Idle PID,Pump PWM,Air Temp,Cylinder Temp,Battery,BARO,Run State,Fault,Fault,Fault,Fault,Save Fault,Save Fault,Save Fault,Save Fault,Gear State,vehicle speed,
1088,54.0,-13.6,176,19.5,13.61,28.1,-13.3,1,20.7,3.17,733,57,-15,0,100,138,13.80,102.3,Dash,36,53,0,0,0,0,0,0,0,0,
RPM,MAP,Vacuum,Coolant Temp,AFR,Target AFR,AFR Trim %,AFR Learn %,Fan,TPS,Fuel PW,Target RPM,IAC Steps,Idle PID,Pump PWM,Air Temp,Cylinder Temp,Battery,BARO,Run State,Fault,Fault,Fault,Fault,Save Fault,Save Fault,Save Fault,Save Fault,Gear State,vehicle speed,
3664,52.0,-14.2,176,19.0,13.84,31.3,-0.8,1,20.7,3.97,733,57,-15,0,100,138,13.80,102.3,Dash,36,53,0,0,0,0,0,0,0,0,
RPM,MAP,Vacuum,Coolant Temp,AFR,Target AFR,AFR Trim %,AFR Learn %,Fan,TPS,Fuel PW,Target RPM,IAC Steps,Idle PID,Pump PWM,Air Temp,Cylinder Temp,Battery,BARO,Run State,Fault,Fault,Fault,Fault,Save Fault,Save Fault,Save Fault,Save Fault,Gear State,vehicle speed,
1175,52.3,-14.1,176,18.4,13.67,35.2,-14.1,1,20.2,3.32,733,57,-15,0,100,138,13.80,102.3,Dash,36,53,0,0,0,0,0,0,0,0,
RPM,MAP,Vacuum,Coolant Temp,AFR,Target AFR,AFR Trim %,AFR Learn %,Fan,TPS,Fuel PW,Target RPM,IAC Steps,Idle PID,Pump PWM,Air Temp,Cylinder Temp,Battery,BARO,Run State,Fault,Fault,Fault,Fault,Save Fault,Save Fault,Save Fault,Save Fault,Gear State,vehicle speed,
1102,51.5,-14.3,176,18.9,13.98,38.3,-6.3,1,19.2,3.20,733,56,-15,0,100,138,13.80,102.3,Dash,36,53,0,0,0,0,0,0,0,0,
RPM,MAP,Vacuum,Coolant Temp,AFR,Target AFR,AFR Trim %,AFR Learn %,Fan,TPS,Fuel PW,Target RPM,IAC Steps,Idle PID,Pump PWM,Air Temp,Cylinder Temp,Battery,BARO,Run State,Fault,Fault,Fault,Fault,Save Fault,Save Fault,Save Fault,Save Fault,Gear State,vehicle speed,
2723,47.8,-15.4,176,19.6,13.84,43.0,-15.6,1,16.2,2.73,733,55,-15,0,100,138,13.80,102.3,Dash,36,53,0,0,0,0,0,0,0,0,
RPM,MAP,Vacuum,Coolant Temp,AFR,Target AFR,AFR Trim %,AFR Learn %,Fan,TPS,Fuel PW,Target RPM,IAC Steps,Idle PID,Pump PWM,Air Temp,Cylinder Temp,Battery,BARO,Run State,Fault,Fault,Fault,Fault,Save Fault,Save Fault,Save Fault,Save Fault,Gear State,vehicle speed,
1623,23.5,-22.7,176,19.3,13.90,13.3,-1.6,1,0.5,0.00,811,52,27,0,100,138,13.80,102.3,Tail,36,53,0,0,0,0,0,0,0,0,
RPM,MAP,Vacuum,Coolant Temp,AFR,Target AFR,AFR Trim %,AFR Learn %,Fan,TPS,Fuel PW,Target RPM,IAC Steps,Idle PID,Pump PWM,Air Temp,Cylinder Temp,Battery,BARO,Run State,Fault,Fault,Fault,Fault,Save Fault,Save Fault,Save Fault,Save Fault,Gear State,vehicle speed,
2686,26.5,-21.7,176,16.0,13.90,13.3,-0.8,1,0.5,3.19,811,48,22,0,100,138,13.90,102.3,Tail,36,53,0,0,0,0,0,0,0,0,
RPM,MAP,Vacuum,Coolant Temp,AFR,Target AFR,AFR Trim %,AFR Learn %,Fan,TPS,Fuel PW,Target RPM,IAC Steps,Idle PID,Pump PWM,Air Temp,Cylinder Temp,Battery,BARO,Run State,Fault,Fault,Fault,Fault,Save Fault,Save Fault,Save Fault,Save Fault,Gear State,vehicle speed,
2343,29.5,-20.9,176,14.6,13.90,13.3,-0.8,1,0.5,4.04,811,39,13,0,100,140,13.80,102.3,Tail,36,53,0,0,0,0,0,0,0,0,
RPM,MAP,Vacuum,Coolant Temp,AFR,Target AFR,AFR Trim %,AFR Learn %,Fan,TPS,Fuel PW,Target RPM,IAC Steps,Idle PID,Pump PWM,Air Temp,Cylinder Temp,Battery,BARO,Run State,Fault,Fault,Fault,Fault,Save Fault,Save Fault,Save Fault,Save Fault,Gear State,vehicle speed,
1906,32.3,-20.1,176,14.3,13.90,13.3,-1.6,1,0.5,3.75,811,32,6,0,100,140,13.90,102.3,Tail,36,53,0,0,0,0,0,0,0,0,
RPM,MAP,Vacuum,Coolant Temp,AFR,Target AFR,AFR Trim %,AFR Learn %,Fan,TPS,Fuel PW,Target RPM,IAC Steps,Idle PID,Pump PWM,Air Temp,Cylinder Temp,Battery,BARO,Run State,Fault,Fault,Fault,Fault,Save Fault,Save Fault,Save Fault,Save Fault,Gear State,vehicle speed,
1616,36.0,-19.0,176,14.1,13.90,14.1,-2.3,1,0.5,3.87,811,26,1,0,98,140,13.90,102.3,Tail,36,53,0,0,0,0,0,0,0,0,
RPM,MAP,Vacuum,Coolant Temp,AFR,Target AFR,AFR Trim %,AFR Learn %,Fan,TPS,Fuel PW,Target RPM,IAC Steps,Idle PID,Pump PWM,Air Temp,Cylinder Temp,Battery,BARO,Run State,Fault,Fault,Fault,Fault,Save Fault,Save Fault,Save Fault,Save Fault,Gear State,vehicle speed,
1362,40.3,-17.7,176,13.3,13.90,7.8,-8.6,1,0.5,3.55,811,23,-1,0,98,140,13.90,102.3,Tail,36,53,0,0,0,0,0,0,0,0,
RPM,MAP,Vacuum,Coolant Temp,AFR,Target AFR,AFR Trim %,AFR Learn %,Fan,TPS,Fuel PW,Target RPM,IAC Steps,Idle PID,Pump PWM,Air Temp,Cylinder Temp,Battery,BARO,Run State,Fault,Fault,Fault,Fault,Save Fault,Save Fault,Save Fault,Save Fault,Gear State,vehicle speed,
1209,44.3,-16.4,176,12.3,13.90,4.7,-14.8,1,0.0,3.43,811,21,-3,0,98,140,13.80,102.3,Tail,36,53,0,0,0,0,0,0,0,0,
RPM,MAP,Vacuum,Coolant Temp,AFR,Target AFR,AFR Trim %,AFR Learn %,Fan,TPS,Fuel PW,Target RPM,IAC Steps,Idle PID,Pump PWM,Air Temp,Cylinder Temp,Battery,BARO,Run State,Fault,Fault,Fault,Fault,Save Fault,Save Fault,Save Fault,Save Fault,Gear State,vehicle speed,
1133,46.5,-15.8,176,11.5,13.90,2.3,-15.6,1,0.0,3.42,811,19,-5,0,98,140,13.80,102.3,Tail,36,53,0,0,0,0,0,0,0,0,
RPM,MAP,Vacuum,Coolant Temp,AFR,Target AFR,AFR Trim %,AFR Learn %,Fan,TPS,Fuel PW,Target RPM,IAC Steps,Idle PID,Pump PWM,Air Temp,Cylinder Temp,Battery,BARO,Run State,Fault,Fault,Fault,Fault,Save Fault,Save Fault,Save Fault,Save Fault,Gear State,vehicle speed,
1137,46.5,-15.8,176,11.1,13.90,-0.8,-15.6,1,0.0,3.32,811,16,-7,0,98,140,13.80,102.3,Tail,36,53,0,0,0,0,0,0,0,0,
RPM,MAP,Vacuum,Coolant Temp,AFR,Target AFR,AFR Trim %,AFR Learn %,Fan,TPS,Fuel PW,Target RPM,IAC Steps,Idle PID,Pump PWM,Air Temp,Cylinder Temp,Battery,BARO,Run State,Fault,Fault,Fault,Fault,Save Fault,Save Fault,Save Fault,Save Fault,Gear State,vehicle speed,
1080,47.3,-15.6,176,11.3,13.90,-3.1,-15.6,1,0.0,3.25,811,14,-9,0,98,140,13.80,102.3,Tail,36,53,0,0,0,0,0,0,0,0,
RPM,MAP,Vacuum,Coolant Temp,AFR,Target AFR,AFR Trim %,AFR Learn %,Fan,TPS,Fuel PW,Target RPM,IAC Steps,Idle PID,Pump PWM,Air Temp,Cylinder Temp,Battery,BARO,Run State,Fault,Fault,Fault,Fault,Save Fault,Save Fault,Save Fault,Save Fault,Gear State,vehicle speed,
1014,48.5,-15.2,176,11.6,13.90,-5.5,-15.6,1,0.0,3.19,811,13,-10,0,98,140,13.80,102.3,Tail,36,53,0,0,0,0,0,0,0,0,
RPM,MAP,Vacuum,Coolant Temp,AFR,Target AFR,AFR Trim %,AFR Learn %,Fan,TPS,Fuel PW,Target RPM,IAC Steps,Idle PID,Pump PWM,Air Temp,Cylinder Temp,Battery,BARO,Run State,Fault,Fault,Fault,Fault,Save Fault,Save Fault,Save Fault,Save Fault,Gear State,vehicle speed,
1022,49.3,-15.0,176,12.0,13.90,-7.0,-14.8,1,0.0,3.23,811,12,-11,0,98,140,13.80,102.3,Tail,36,53,0,0,0,0,0,0,0,0,
RPM,MAP,Vacuum,Coolant Temp,AFR,Target AFR,AFR Trim %,AFR Learn %,Fan,TPS,Fuel PW,Target RPM,IAC Steps,Idle PID,Pump PWM,Air Temp,Cylinder Temp,Battery,BARO,Run State,Fault,Fault,Fault,Fault,Save Fault,Save Fault,Save Fault,Save Fault,Gear State,vehicle speed,
1012,50.0,-14.8,176,12.4,13.90,-8.6,-14.8,1,0.0,3.23,811,11,-12,0,98,140,13.80,102.3,Tail,36,53,0,0,0,0,0,0,0,0,
RPM,MAP,Vacuum,Coolant Temp,AFR,Target AFR,AFR Trim %,AFR Learn %,Fan,TPS,Fuel PW,Target RPM,IAC Steps,Idle PID,Pump PWM,Air Temp,Cylinder Temp,Battery,BARO,Run State,Fault,Fault,Fault,Fault,Save Fault,Save Fault,Save Fault,Save Fault,Gear State,vehicle speed,
952,51.0,-14.5,176,12.8,13.90,-9.4,-14.8,1,0.0,3.22,811,9,-13,0,98,140,13.80,102.3,Tail,36,53,0,0,0,0,0,0,0,0,
RPM,MAP,Vacuum,Coolant Temp,AFR,Target AFR,AFR Trim %,AFR Learn %,Fan,TPS,Fuel PW,Target RPM,IAC Steps,Idle PID,Pump PWM,Air Temp,Cylinder Temp,Battery,BARO,Run State,Fault,Fault,Fault,Fault,Save Fault,Save Fault,Save Fault,Save Fault,Gear State,vehicle speed,
912,52.3,-14.1,176,13.2,13.90,-9.4,-14.1,1,0.0,3.35,811,9,-13,0,98,140,13.80,102.3,Tail,36,53,0,0,0,0,0,0,0,0,
RPM,MAP,Vacuum,Coolant Temp,AFR,Target AFR,AFR Trim %,AFR Learn %,Fan,TPS,Fuel PW,Target RPM,IAC Steps,Idle PID,Pump PWM,Air Temp,Cylinder Temp,Battery,BARO,Run State,Fault,Fault,Fault,Fault,Save Fault,Save Fault,Save Fault,Save Fault,Gear State,vehicle speed,
862,53.5,-13.7,176,13.6,13.90,2.3,-14.1,1,0.0,3.79,803,8,-14,0,98,140,13.80,102.3,Tail,36,53,0,0,0,0,0,0,0,0,
RPM,MAP,Vacuum,Coolant Temp,AFR,Target AFR,AFR Trim %,AFR Learn %,Fan,TPS,Fuel PW,Target RPM,IAC Steps,Idle PID,Pump PWM,Air Temp,Cylinder Temp,Battery,BARO,Run State,Fault,Fault,Fault,Fault,Save Fault,Save Fault,Save Fault,Save Fault,Gear State,vehicle speed,
889,54.0,-13.6,176,13.9,13.90,3.1,-13.3,1,0.0,3.86,796,8,-14,0,98,140,13.80,102.3,Tail,0,0,0,0,0,0,0,0,0,0,
RPM,MAP,Vacuum,Coolant Temp,AFR,Target AFR,AFR Trim %,AFR Learn %,Fan,TPS,Fuel PW,Target RPM,IAC Steps,Idle PID,Pump PWM,Air Temp,Cylinder Temp,Battery,BARO,Run State,Fault,Fault,Fault,Fault,Save Fault,Save Fault,Save Fault,Save Fault,Gear State,vehicle speed,
882,53.8,-13.7,176,14.0,13.90,3.1,-13.3,1,0.0,3.86,796,6,-15,0,98,140,13.80,102.3,Tail,0,0,0,0,0,0,0,0,0,0,
RPM,MAP,Vacuum,Coolant Temp,AFR,Target AFR,AFR Trim %,AFR Learn %,Fan,TPS,Fuel PW,Target RPM,IAC Steps,Idle PID,Pump PWM,Air Temp,Cylinder Temp,Battery,BARO,Run State,Fault,Fault,Fault,Fault,Save Fault,Save Fault,Save Fault,Save Fault,Gear State,vehicle speed,
906,52.8,-14.0,176,13.9,13.90,-2.3,-14.1,1,0.0,3.61,796,6,-15,0,98,140,13.80,102.3,Tail,0,0,0,0,0,0,0,0,0,0,
RPM,MAP,Vacuum,Coolant Temp,AFR,Target AFR,AFR Trim %,AFR Learn %,Fan,TPS,Fuel PW,Target RPM,IAC Steps,Idle PID,Pump PWM,Air Temp,Cylinder Temp,Battery,BARO,Run State,Fault,Fault,Fault,Fault,Save Fault,Save Fault,Save Fault,Save Fault,Gear State,vehicle speed,
896,53.3,-13.8,176,13.6,13.90,-3.1,-14.1,1,0.0,3.61,796,5,-16,0,98,140,13.80,102.3,Tail,0,0,0,0,0,0,0,0,0,0,
RPM,MAP,Vacuum,Coolant Temp,AFR,Target AFR,AFR Trim %,AFR Learn %,Fan,TPS,Fuel PW,Target RPM,IAC Steps,Idle PID,Pump PWM,Air Temp,Cylinder Temp,Battery,BARO,Run State,Fault,Fault,Fault,Fault,Save Fault,Save Fault,Save Fault,Save Fault,Gear State,vehicle speed,
891,53.0,-13.9,176,13.3,13.90,-3.9,-14.1,1,0.0,3.56,796,5,-16,0,98,140,13.80,102.3,Tail,0,0,0,0,0,0,0,0,0,0,
RPM,MAP,Vacuum,Coolant Temp,AFR,Target AFR,AFR Trim %,AFR Learn %,Fan,TPS,Fuel PW,Target RPM,IAC Steps,Idle PID,Pump PWM,Air Temp,Cylinder Temp,Battery,BARO,Run State,Fault,Fault,Fault,Fault,Save Fault,Save Fault,Save Fault,Save Fault,Gear State,vehicle speed,
860,53.0,-13.9,176,13.4,13.90,-4.7,-14.1,1,0.0,3.54,789,3,-17,0,98,140,13.80,102.3,Tail,0,0,0,0,0,0,0,0,0,0,
RPM,MAP,Vacuum,Coolant Temp,AFR,Target AFR,AFR Trim %,AFR Learn %,Fan,TPS,Fuel PW,Target RPM,IAC Steps,Idle PID,Pump PWM,Air Temp,Cylinder Temp,Battery,BARO,Run State,Fault,Fault,Fault,Fault,Save Fault,Save Fault,Save Fault,Save Fault,Gear State,vehicle speed,
862,53.8,-13.7,177,13.5,13.90,-5.5,-14.1,1,0.0,3.56,778,2,-17,0,98,140,13.90,102.3,Tail,0,0,0,0,0,0,0,0,0,0,
RPM,MAP,Vacuum,Coolant Temp,AFR,Target AFR,AFR Trim %,AFR Learn %,Fan,TPS,Fuel PW,Target RPM,IAC Steps,Idle PID,Pump PWM,Air Temp,Cylinder Temp,Battery,BARO,Run State,Fault,Fault,Fault,Fault,Save Fault,Save Fault,Save Fault,Save Fault,Gear State,vehicle speed,
828,55.0,-13.3,177,13.5,13.90,-5.5,-13.3,1,0.0,3.68,769,2,-17,0,96,140,13.80,102.3,Tail,0,0,0,0,0,0,0,0,0,0,
RPM,MAP,Vacuum,Coolant Temp,AFR,Target AFR,AFR Trim %,AFR Learn %,Fan,TPS,Fuel PW,Target RPM,IAC Steps,Idle PID,Pump PWM,Air Temp,Cylinder Temp,Battery,BARO,Run State,Fault,Fault,Fault,Fault,Save Fault,Save Fault,Save Fault,Save Fault,Gear State,vehicle speed,
834,56.0,-13.0,177,13.6,13.90,-6.3,-21.9,1,0.0,3.40,733,2,-17,0,96,140,13.80,102.3,Idle,0,0,0,0,0,0,0,0,0,0,
RPM,MAP,Vacuum,Coolant Temp,AFR,Target AFR,AFR Trim %,AFR Learn %,Fan,TPS,Fuel PW,Target RPM,IAC Steps,Idle PID,Pump PWM,Air Temp,Cylinder Temp,Battery,BARO,Run State,Fault,Fault,Fault,Fault,Save Fault,Save Fault,Save Fault,Save Fault,Gear State,vehicle speed,
832,55.3,-13.2,177,13.7,13.90,2.3,-21.9,1,0.0,3.61,733,0,-18,0,96,140,13.80,102.3,Idle,0,0,0,0,0,0,0,0,0,0,
RPM,MAP,Vacuum,Coolant Temp,AFR,Target AFR,AFR Trim %,AFR Learn %,Fan,TPS,Fuel PW,Target RPM,IAC Steps,Idle PID,Pump PWM,Air Temp,Cylinder Temp,Battery,BARO,Run State,Fault,Fault,Fault,Fault,Save Fault,Save Fault,Save Fault,Save Fault,Gear State,vehicle speed,
846,56.0,-13.0,177,13.7,13.90,1.6,-21.9,1,0.0,3.65,733,2,-18,0,96,140,13.80,102.3,Idle,0,0,0,0,0,0,0,0,0,0,
RPM,MAP,Vacuum,Coolant Temp,AFR,Target AFR,AFR Trim %,AFR Learn %,Fan,TPS,Fuel PW,Target RPM,IAC Steps,Idle PID,Pump PWM,Air Temp,Cylinder Temp,Battery,BARO,Run State,Fault,Fault,Fault,Fault,Save Fault,Save Fault,Save Fault,Save Fault,Gear State,vehicle speed,
846,55.0,-13.3,177,13.8,13.90,2.3,-21.9,1,0.0,3.59,733,0,-18,0,96,140,13.80,102.3,Idle,0,0,0,0,0,0,0,0,0,0,
RPM,MAP,Vacuum,Coolant Temp,AFR,Target AFR,AFR Trim %,AFR Learn %,Fan,TPS,Fuel PW,Target RPM,IAC Steps,Idle PID,Pump PWM,Air Temp,Cylinder Temp,Battery,BARO,Run State,Fault,Fault,Fault,Fault,Save Fault,Save Fault,Save Fault,Save Fault,Gear State,vehicle speed,
857,54.5,-13.5,177,13.9,13.90,2.3,-21.9,1,0.0,3.57,733,0,-18,0,96,140,13.90,102.3,Idle,0,0,0,0,0,0,0,0,0,0,
RPM,MAP,Vacuum,Coolant Temp,AFR,Target AFR,AFR Trim %,AFR Learn %,Fan,TPS,Fuel PW,Target RPM,IAC Steps,Idle PID,Pump PWM,Air Temp,Cylinder Temp,Battery,BARO,Run State,Fault,Fault,Fault,Fault,Save Fault,Save Fault,Save Fault,Save Fault,Gear State,vehicle speed,
861,55.0,-13.3,177,14.0,13.90,2.3,-21.1,1,0.0,3.64,733,0,-18,0,96,140,13.80,102.3,Idle,0,0,0,0,0,0,0,0,0,0,
RPM,MAP,Vacuum,Coolant Temp,AFR,Target AFR,AFR Trim %,AFR Learn %,Fan,TPS,Fuel PW,Target RPM,IAC Steps,Idle PID,Pump PWM,Air Temp,Cylinder Temp,Battery,BARO,Run State,Fault,Fault,Fault,Fault,Save Fault,Save Fault,Save Fault,Save Fault,Gear State,vehicle speed,
872,54.3,-13.5,177,14.0,13.90,3.1,-21.1,1,0.0,3.61,733,0,-17,0,96,141,13.80,102.3,Idle,0,0,0,0,0,0,0,0,0,0,
RPM,MAP,Vacuum,Coolant Temp,AFR,Target AFR,AFR Trim %,AFR Learn %,Fan,TPS,Fuel PW,Target RPM,IAC Steps,Idle PID,Pump PWM,Air Temp,Cylinder Temp,Battery,BARO,Run State,Fault,Fault,Fault,Fault,Save Fault,Save Fault,Save Fault,Save Fault,Gear State,vehicle speed,
839,54.3,-13.5,177,13.9,13.90,2.3,-21.1,1,0.0,3.58,733,0,-17,0,96,141,13.80,102.3,Idle,0,0,0,0,0,0,0,0,0,0,
RPM,MAP,Vacuum,Coolant Temp,AFR,Target AFR,AFR Trim %,AFR Learn %,Fan,TPS,Fuel PW,Target RPM,IAC Steps,Idle PID,Pump PWM,Air Temp,Cylinder Temp,Battery,BARO,Run State,Fault,Fault,Fault,Fault,Save Fault,Save Fault,Save Fault,Save Fault,Gear State,vehicle speed,
828,54.8,-13.4,177,13.9,13.90,2.3,-21.1,1,0.0,3.63,733,0,-17,0,96,141,13.80,102.3,Idle,0,0,0,0,0,0,0,0,0,0,
RPM,MAP,Vacuum,Coolant Temp,AFR,Target AFR,AFR Trim %,AFR Learn %,Fan,TPS,Fuel PW,Target RPM,IAC Steps,Idle PID,Pump PWM,Air Temp,Cylinder Temp,Battery,BARO,Run State,Fault,Fault,Fault,Fault,Save Fault,Save Fault,Save Fault,Save Fault,Gear State,vehicle speed,
826,54.8,-13.4,177,13.9,13.90,2.3,-21.1,1,0.0,3.63,733,2,-17,0,96,141,13.80,102.3,Idle,0,0,0,0,0,0,0,0,0,0,
RPM,MAP,Vacuum,Coolant Temp,AFR,Target AFR,AFR Trim %,AFR Learn %,Fan,TPS,Fuel PW,Target RPM,IAC Steps,Idle PID,Pump PWM,Air Temp,Cylinder Temp,Battery,BARO,Run State,Fault,Fault,Fault,Fault,Save Fault,Save Fault,Save Fault,Save Fault,Gear State,vehicle speed,
809,56.5,-12.8,177,14.0,13.90,3.1,-20.3,1,0.0,3.77,733,0,-17,0,96,141,13.80,102.3,Idle,0,0,0,0,0,0,0,0,0,0,
RPM,MAP,Vacuum,Coolant Temp,AFR,Target AFR,AFR Trim %,AFR Learn %,Fan,TPS,Fuel PW,Target RPM,IAC Steps,Idle PID,Pump PWM,Air Temp,Cylinder Temp,Battery,BARO,Run State,Fault,Fault,Fault,Fault,Save Fault,Save Fault,Save Fault,Save Fault,Gear State,vehicle speed,
823,56.8,-12.7,179,14.2,13.90,3.1,-20.3,1,0.0,3.83,732,0,-17,0,96,141,13.80,102.3,Idle,0,0,0,0,0,0,0,0,0,0,
RPM,MAP,Vacuum,Coolant Temp,AFR,Target AFR,AFR Trim %,AFR Learn %,Fan,TPS,Fuel PW,Target RPM,IAC Steps,Idle PID,Pump PWM,Air Temp,Cylinder Temp,Battery,BARO,Run State,Fault,Fault,Fault,Fault,Save Fault,Save Fault,Save Fault,Save Fault,Gear State,vehicle speed,
826,55.8,-13.1,179,14.3,13.90,3.9,-20.3,1,0.0,3.75,732,0,-17,0,96,141,13.90,102.3,Idle,0,0,0,0,0,0,0,0,0,0,
RPM,MAP,Vacuum,Coolant Temp,AFR,Target AFR,AFR Trim %,AFR Learn %,Fan,TPS,Fuel PW,Target RPM,IAC Steps,Idle PID,Pump PWM,Air Temp,Cylinder Temp,Battery,BARO,Run State,Fault,Fault,Fault,Fault,Save Fault,Save Fault,Save Fault,Save Fault,Gear State,vehicle speed,
849,54.5,-13.5,179,14.1,13.90,3.9,-20.3,1,0.0,3.70,732,0,-17,0,96,141,13.90,102.3,Idle,0,0,0,0,0,0,0,0,0,0,
RPM,MAP,Vacuum,Coolant Temp,AFR,Target AFR,AFR Trim %,AFR Learn %,Fan,TPS,Fuel PW,Target RPM,IAC Steps,Idle PID,Pump PWM,Air Temp,Cylinder Temp,Battery,BARO,Run State,Fault,Fault,Fault,Fault,Save Fault,Save Fault,Save Fault,Save Fault,Gear State,vehicle speed,
836,54.3,-13.5,179,13.8,13.90,1.6,-19.5,1,0.0,3.58,732,0,-17,0,96,141,13.80,102.3,Idle,0,0,0,0,0,0,0,0,0,0,
RPM,MAP,Vacuum,Coolant Temp,AFR,Target AFR,AFR Trim %,AFR Learn %,Fan,TPS,Fuel PW,Target RPM,IAC Steps,Idle PID,Pump PWM,Air Temp,Cylinder Temp,Battery,BARO,Run State,Fault,Fault,Fault,Fault,Save Fault,Save Fault,Save Fault,Save Fault,Gear State,vehicle speed,
808,54.8,-13.4,179,13.6,13.90,0.8,-19.5,1,0.5,3.64,732,0,-17,0,96,141,13.90,102.3,Idle,0,0,0,0,0,0,0,0,0,0,
RPM,MAP,Vacuum,Coolant Temp,AFR,Target AFR,AFR Trim %,AFR Learn %,Fan,TPS,Fuel PW,Target RPM,IAC Steps,Idle PID,Pump PWM,Air Temp,Cylinder Temp,Battery,BARO,Run State,Fault,Fault,Fault,Fault,Save Fault,Save Fault,Save Fault,Save Fault,Gear State,vehicle speed,
856,57.8,-12.4,179,13.5,13.51,1.6,-12.5,1,2.0,4.26,732,5,-17,0,96,141,13.90,102.3,Dash,0,0,0,0,0,0,0,0,0,0,
RPM,MAP,Vacuum,Coolant Temp,AFR,Target AFR,AFR Trim %,AFR Learn %,Fan,TPS,Fuel PW,Target RPM,IAC Steps,Idle PID,Pump PWM,Air Temp,Cylinder Temp,Battery,BARO,Run State,Fault,Fault,Fault,Fault,Save Fault,Save Fault,Save Fault,Save Fault,Gear State,vehicle speed,
907,63.0,-10.9,179,13.7,13.37,1.6,-10.2,1,4.0,4.84,732,13,-17,0,96,141,13.80,102.3,Dash,0,0,0,0,0,0,0,0,0,0,
RPM,MAP,Vacuum,Coolant Temp,AFR,Target AFR,AFR Trim %,AFR Learn %,Fan,TPS,Fuel PW,Target RPM,IAC Steps,Idle PID,Pump PWM,Air Temp,Cylinder Temp,Battery,BARO,Run State,Fault,Fault,Fault,Fault,Save Fault,Save Fault,Save Fault,Save Fault,Gear State,vehicle speed,
942,63.3,-10.8,179,14.0,13.37,3.1,-10.2,1,4.0,4.91,732,20,-17,0,96,141,13.80,102.3,Dash,0,0,0,0,0,0,0,0,0,0,
RPM,MAP,Vacuum,Coolant Temp,AFR,Target AFR,AFR Trim %,AFR Learn %,Fan,TPS,Fuel PW,Target RPM,IAC Steps,Idle PID,Pump PWM,Air Temp,Cylinder Temp,Battery,BARO,Run State,Fault,Fault,Fault,Fault,Save Fault,Save Fault,Save Fault,Save Fault,Gear State,vehicle speed,
897,65.5,-10.2,179,14.3,13.31,3.9,-8.6,1,4.0,5.26,732,28,-17,0,96,141,13.80,102.3,Dash,0,0,0,0,0,0,0,0,0,0,
RPM,MAP,Vacuum,Coolant Temp,AFR,Target AFR,AFR Trim %,AFR Learn %,Fan,TPS,Fuel PW,Target RPM,IAC Steps,Idle PID,Pump PWM,Air Temp,Cylinder Temp,Battery,BARO,Run State,Fault,Fault,Fault,Fault,Save Fault,Save Fault,Save Fault,Save Fault,Gear State,vehicle speed,
891,69.3,-9.1,179,14.4,13.22,5.5,-6.3,1,4.0,5.87,732,32,-17,0,96,141,13.90,102.3,Dash,0,0,0,0,0,0,0,0,0,0,
RPM,MAP,Vacuum,Coolant Temp,AFR,Target AFR,AFR Trim %,AFR Learn %,Fan,TPS,Fuel PW,Target RPM,IAC Steps,Idle PID,Pump PWM,Air Temp,Cylinder Temp,Battery,BARO,Run State,Fault,Fault,Fault,Fault,Save Fault,Save Fault,Save Fault,Save Fault,Gear State,vehicle speed,
876,69.3,-9.1,179,14.2,13.22,6.3,-6.3,1,4.0,5.91,732,32,-17,0,96,141,13.80,102.3,Dash,0,0,0,0,0,0,0,0,0,0,
RPM,MAP,Vacuum,Coolant Temp,AFR,Target AFR,AFR Trim %,AFR Learn %,Fan,TPS,Fuel PW,Target RPM,IAC Steps,Idle PID,Pump PWM,Air Temp,Cylinder Temp,Battery,BARO,Run State,Fault,Fault,Fault,Fault,Save Fault,Save Fault,Save Fault,Save Fault,Gear State,vehicle speed,
866,70.8,-8.7,179,13.8,13.18,7.8,-5.5,1,4.0,6.19,732,32,-17,0,96,141,13.80,102.3,Dash,0,0,0,0,0,0,0,0,0,0,
RPM,MAP,Vacuum,Coolant Temp,AFR,Target AFR,AFR Trim %,AFR Learn %,Fan,TPS,Fuel PW,Target RPM,IAC Steps,Idle PID,Pump PWM,Air Temp,Cylinder Temp,Battery,BARO,Run State,Fault,Fault,Fault,Fault,Save Fault,Save Fault,Save Fault,Save Fault,Gear State,vehicle speed,
846,70.8,-8.7,179,13.1,13.18,3.1,-4.7,1,4.0,6.05,732,32,-17,0,96,141,13.80,102.3,Dash,0,0,0,0,0,0,0,0,0,0,
RPM,MAP,Vacuum,Coolant Temp,AFR,Target AFR,AFR Trim %,AFR Learn %,Fan,TPS,Fuel PW,Target RPM,IAC Steps,Idle PID,Pump PWM,Air Temp,Cylinder Temp,Battery,BARO,Run State,Fault,Fault,Fault,Fault,Save Fault,Save Fault,Save Fault,Save Fault,Gear State,vehicle speed,
837,71.8,-8.4,179,12.6,13.15,2.3,-3.9,1,4.0,6.13,732,32,-17,0,96,141,13.90,102.3,Dash,0,0,0,0,0,0,0,0,0,0,
RPM,MAP,Vacuum,Coolant Temp,AFR,Target AFR,AFR Trim %,AFR Learn %,Fan,TPS,Fuel PW,Target RPM,IAC Steps,Idle PID,Pump PWM,Air Temp,Cylinder Temp,Battery,BARO,Run State,Fault,Fault,Fault,Fault,Save Fault,Save Fault,Save Fault,Save Fault,Gear State,vehicle speed,
913,68.3,-9.4,179,12.2,13.22,0.8,-4.7,1,4.0,5.64,732,32,-17,0,96,141,13.90,102.3,Dash,0,0,0,0,0,0,0,0,0,0,
RPM,MAP,Vacuum,Coolant Temp,AFR,Target AFR,AFR Trim %,AFR Learn %,Fan,TPS,Fuel PW,Target RPM,IAC Steps,Idle PID,Pump PWM,Air Temp,Cylinder Temp,Battery,BARO,Run State,Fault,Fault,Fault,Fault,Save Fault,Save Fault,Save Fault,Save Fault,Gear State,vehicle speed,
965,65.0,-10.3,179,12.1,13.32,-0.8,-6.3,1,4.0,5.07,732,32,-17,0,96,141,13.80,102.3,Dash,0,0,0,0,0,0,0,0,0,0,
RPM,MAP,Vacuum,Coolant Temp,AFR,Target AFR,AFR Trim %,AFR Learn %,Fan,TPS,Fuel PW,Target RPM,IAC Steps,Idle PID,Pump PWM,Air Temp,Cylinder Temp,Battery,BARO,Run State,Fault,Fault,Fault,Fault,Save Fault,Save Fault,Save Fault,Save Fault,Gear State,vehicle speed,
1052,58.0,-12.4,179,12.2,13.50,-2.3,-10.2,1,0.5,2.33,732,32,-17,0,96,141,13.90,102.3,Dash,0,0,0,0,0,0,0,0,0,0,
RPM,MAP,Vacuum,Coolant Temp,AFR,Target AFR,AFR Trim %,AFR Learn %,Fan,TPS,Fuel PW,Target RPM,IAC Steps,Idle PID,Pump PWM,Air Temp,Cylinder Temp,Battery,BARO,Run State,Fault,Fault,Fault,Fault,Save Fault,Save Fault,Save Fault,Save Fault,Gear State,vehicle speed,
1067,51.5,-14.3,181,12.3,13.66,-3.9,-13.3,1,0.5,3.51,732,31,-17,0,96,141,13.80,102.3,Dash,0,0,0,0,0,0,0,0,0,0,
RPM,MAP,Vacuum,Coolant Temp,AFR,Target AFR,AFR Trim %,AFR Learn %,Fan,TPS,Fuel PW,Target RPM,IAC Steps,Idle PID,Pump PWM,Air Temp,Cylinder Temp,Battery,BARO,Run State,Fault,Fault,Fault,Fault,Save Fault,Save Fault,Save Fault,Save Fault,Gear State,vehicle speed,
1039,49.5,-14.9,181,12.5,13.73,-5.5,-14.8,1,0.5,3.35,732,29,-17,0,96,141,13.90,102.3,Dash,0,0,0,0,0,0,0,0,0,0,
RPM,MAP,Vacuum,Coolant Temp,AFR,Target AFR,AFR Trim %,AFR Learn %,Fan,TPS,Fuel PW,Target RPM,IAC Steps,Idle PID,Pump PWM,Air Temp,Cylinder Temp,Battery,BARO,Run State,Fault,Fault,Fault,Fault,Save Fault,Save Fault,Save Fault,Save Fault,Gear State,vehicle speed,
1057,49.3,-15.0,181,12.9,13.73,-6.3,-14.8,1,0.5,3.30,732,27,-17,0,96,141,13.80,102.3,Dash,0,0,0,0,0,0,0,0,0,0,
RPM,MAP,Vacuum,Coolant Temp,AFR,Target AFR,AFR Trim %,AFR Learn %,Fan,TPS,Fuel PW,Target RPM,IAC Steps,Idle PID,Pump PWM,Air Temp,Cylinder Temp,Battery,BARO,Run State,Fault,Fault,Fault,Fault,Save Fault,Save Fault,Save Fault,Save Fault,Gear State,vehicle speed,
1074,48.3,-15.3,181,13.1,13.76,-6.3,-15.6,1,0.0,3.21,732,24,-17,0,96,141,13.90,102.3,Dash,0,0,0,0,0,0,0,0,0,0,
RPM,MAP,Vacuum,Coolant Temp,AFR,Target AFR,AFR Trim %,AFR Learn %,Fan,TPS,Fuel PW,Target RPM,IAC Steps,Idle PID,Pump PWM,Air Temp,Cylinder Temp,Battery,BARO,Run State,Fault,Fault,Fault,Fault,Save Fault,Save Fault,Save Fault,Save Fault,Gear State,vehicle speed,
1014,48.8,-15.1,181,13.3,13.74,-7.0,-14.8,1,0.0,3.22,732,22,-17,0,96,141,13.90,102.3,Dash,0,0,0,0,0,0,0,0,0,0,
RPM,MAP,Vacuum,Coolant Temp,AFR,Target AFR,AFR Trim %,AFR Learn %,Fan,TPS,Fuel PW,Target RPM,IAC Steps,Idle PID,Pump PWM,Air Temp,Cylinder Temp,Battery,BARO,Run State,Fault,Fault,Fault,Fault,Save Fault,Save Fault,Save Fault,Save Fault,Gear State,vehicle speed,
1026,48.5,-15.2,181,13.5,13.90,-7.0,-14.8,1,0.5,3.16,988,19,-17,0,96,141,13.80,102.3,Tail,0,0,0,0,0,0,0,0,0,0,
RPM,MAP,Vacuum,Coolant Temp,AFR,Target AFR,AFR Trim %,AFR Learn %,Fan,TPS,Fuel PW,Target RPM,IAC Steps,Idle PID,Pump PWM,Air Temp,Cylinder Temp,Battery,BARO,Run State,Fault,Fault,Fault,Fault,Save Fault,Save Fault,Save Fault,Save Fault,Gear State,vehicle speed,
1002,49.0,-15.0,181,13.6,13.90,-7.8,-14.8,1,0.0,3.18,915,17,-17,0,96,141,13.90,102.3,Tail,0,0,0,0,0,0,0,0,0,0,
RPM,MAP,Vacuum,Coolant Temp,AFR,Target AFR,AFR Trim %,AFR Learn %,Fan,TPS,Fuel PW,Target RPM,IAC Steps,Idle PID,Pump PWM,Air Temp,Cylinder Temp,Battery,BARO,Run State,Fault,Fault,Fault,Fault,Save Fault,Save Fault,Save Fault,Save Fault,Gear State,vehicle speed,
987,50.0,-14.8,181,13.7,13.72,-7.8,-14.1,1,1.5,3.45,896,16,-18,0,96,141,13.90,102.3,Dash,0,0,0,0,0,0,0,0,0,0,
RPM,MAP,Vacuum,Coolant Temp,AFR,Target AFR,AFR Trim %,AFR Learn %,Fan,TPS,Fuel PW,Target RPM,IAC Steps,Idle PID,Pump PWM,Air Temp,Cylinder Temp,Battery,BARO,Run State,Fault,Fault,Fault,Fault,Save Fault,Save Fault,Save Fault,Save Fault,Gear State,vehicle speed,
1056,59.3,-12.0,181,13.7,13.49,0.0,-9.4,1,5.1,4.78,896,26,-18,0,96,141,13.90,102.3,Dash,53,0,0,0,0,0,0,0,0,0,
RPM,MAP,Vacuum,Coolant Temp,AFR,Target AFR,AFR Trim %,AFR Learn %,Fan,TPS,Fuel PW,Target RPM,IAC Steps,Idle PID,Pump PWM,Air Temp,Cylinder Temp,Battery,BARO,Run State,Fault,Fault,Fault,Fault,Save Fault,Save Fault,Save Fault,Save Fault,Gear State,vehicle speed,
1012,64.8,-10.4,179,14.0,13.33,1.6,-6.3,1,5.1,5.23,896,31,-18,0,96,141,13.90,102.3,Dash,53,0,0,0,0,0,0,0,0,0,
RPM,MAP,Vacuum,Coolant Temp,AFR,Target AFR,AFR Trim %,AFR Learn %,Fan,TPS,Fuel PW,Target RPM,IAC Steps,Idle PID,Pump PWM,Air Temp,Cylinder Temp,Battery,BARO,Run State,Fault,Fault,Fault,Fault,Save Fault,Save Fault,Save Fault,Save Fault,Gear State,vehicle speed,
1109,70.0,-8.9,179,14.4,13.20,2.3,-3.1,1,8.6,3.43,896,33,-18,0,96,141,13.90,102.3,Dash,53,0,0,0,0,0,0,0,0,0,
RPM,MAP,Vacuum,Coolant Temp,AFR,Target AFR,AFR Trim %,AFR Learn %,Fan,TPS,Fuel PW,Target RPM,IAC Steps,Idle PID,Pump PWM,Air Temp,Cylinder Temp,Battery,BARO,Run State,Fault,Fault,Fault,Fault,Save Fault,Save Fault,Save Fault,Save Fault,Gear State,vehicle speed,
1220,68.0,-9.5,179,14.4,13.26,4.7,-4.7,1,8.6,3.36,896,33,-18,0,96,141,13.80,102.3,Dash,53,0,0,0,0,0,0,0,0,0,
RPM,MAP,Vacuum,Coolant Temp,AFR,Target AFR,AFR Trim %,AFR Learn %,Fan,TPS,Fuel PW,Target RPM,IAC Steps,Idle PID,Pump PWM,Air Temp,Cylinder Temp,Battery,BARO,Run State,Fault,Fault,Fault,Fault,Save Fault,Save Fault,Save Fault,Save Fault,Gear State,vehicle speed,
1276,65.3,-10.3,179,13.9,13.33,5.5,-5.5,1,8.6,3.25,896,34,-18,0,96,141,13.80,102.3,Dash,53,0,0,0,0,0,0,0,0,0,
RPM,MAP,Vacuum,Coolant Temp,AFR,Target AFR,AFR Trim %,AFR Learn %,Fan,TPS,Fuel PW,Target RPM,IAC Steps,Idle PID,Pump PWM,Air Temp,Cylinder Temp,Battery,BARO,Run State,Fault,Fault,Fault,Fault,Save Fault,Save Fault,Save Fault,Save Fault,Gear State,vehicle speed,
1376,62.0,-11.2,179,13.2,13.45,-2.3,-6.3,1,8.6,2.95,896,35,-18,0,96,141,13.80,102.3,Dash,53,0,0,0,0,0,0,0,0,0,
RPM,MAP,Vacuum,Coolant Temp,AFR,Target AFR,AFR Trim %,AFR Learn %,Fan,TPS,Fuel PW,Target RPM,IAC Steps,Idle PID,Pump PWM,Air Temp,Cylinder Temp,Battery,BARO,Run State,Fault,Fault,Fault,Fault,Save Fault,Save Fault,Save Fault,Save Fault,Gear State,vehicle speed,
1449,57.8,-12.4,179,12.9,13.58,-3.1,-7.0,1,8.6,2.75,896,37,-18,0,96,141,13.80,102.3,Dash,53,0,0,0,0,0,0,0,0,0,
RPM,MAP,Vacuum,Coolant Temp,AFR,Target AFR,AFR Trim %,AFR Learn %,Fan,TPS,Fuel PW,Target RPM,IAC Steps,Idle PID,Pump PWM,Air Temp,Cylinder Temp,Battery,BARO,Run State,Fault,Fault,Fault,Fault,Save Fault,Save Fault,Save Fault,Save Fault,Gear State,vehicle speed,
1519,55.3,-13.2,179,13.1,13.65,-3.9,-6.3,1,8.6,2.68,896,37,-18,0,96,141,13.80,102.3,Dash,53,0,0,0,0,0,0,0,0,0,
RPM,MAP,Vacuum,Coolant Temp,AFR,Target AFR,AFR Trim %,AFR Learn %,Fan,TPS,Fuel PW,Target RPM,IAC Steps,Idle PID,Pump PWM,Air Temp,Cylinder Temp,Battery,BARO,Run State,Fault,Fault,Fault,Fault,Save Fault,Save Fault,Save Fault,Save Fault,Gear State,vehicle speed,
1581,53.0,-13.9,179,13.5,13.74,0.0,-5.5,1,8.6,2.71,896,37,-18,0,96,141,13.80,102.3,Dash,53,0,0,0,0,0,0,0,0,0,
RPM,MAP,Vacuum,Coolant Temp,AFR,Target AFR,AFR Trim %,AFR Learn %,Fan,TPS,Fuel PW,Target RPM,IAC Steps,Idle PID,Pump PWM,Air Temp,Cylinder Temp,Battery,BARO,Run State,Fault,Fault,Fault,Fault,Save Fault,Save Fault,Save Fault,Save Fault,Gear State,vehicle speed,
1628,51.8,-14.3,179,13.7,13.79,0.0,-4.7,1,8.6,2.69,896,37,-18,0,96,141,13.80,102.3,Dash,53,0,0,0,0,0,0,0,0,0,
RPM,MAP,Vacuum,Coolant Temp,AFR,Target AFR,AFR Trim %,AFR Learn %,Fan,TPS,Fuel PW,Target RPM,IAC Steps,Idle PID,Pump PWM,Air Temp,Cylinder Temp,Battery,BARO,Run State,Fault,Fault,Fault,Fault,Save Fault,Save Fault,Save Fault,Save Fault,Gear State,vehicle speed,
1705,50.3,-14.7,179,13.4,13.85,-3.9,-3.1,1,8.6,2.63,896,37,-18,0,96,141,13.90,102.3,Dash,53,0,0,0,0,0,0,0,0,0,
RPM,MAP,Vacuum,Coolant Temp,AFR,Target AFR,AFR Trim %,AFR Learn %,Fan,TPS,Fuel PW,Target RPM,IAC Steps,Idle PID,Pump PWM,Air Temp,Cylinder Temp,Battery,BARO,Run State,Fault,Fault,Fault,Fault,Save Fault,Save Fault,Save Fault,Save Fault,Gear State,vehicle speed,
1708,50.3,-14.7,179,13.0,13.86,-4.7,-3.9,1,8.6,2.59,896,37,-18,0,96,141,13.80,102.3,Dash,53,0,0,0,0,0,0,0,0,0,
RPM,MAP,Vacuum,Coolant Temp,AFR,Target AFR,AFR Trim %,AFR Learn %,Fan,TPS,Fuel PW,Target RPM,IAC Steps,Idle PID,Pump PWM,Air Temp,Cylinder Temp,Battery,BARO,Run State,Fault,Fault,Fault,Fault,Save Fault,Save Fault,Save Fault,Save Fault,Gear State,vehicle speed,
1817,47.8,-15.4,179,13.2,13.97,-5.5,-1.6,1,8.6,2.57,896,37,-18,0,96,141,13.80,102.3,Dash,53,0,0,0,0,0,0,0,0,0,
RPM,MAP,Vacuum,Coolant Temp,AFR,Target AFR,AFR Trim %,AFR Learn %,Fan,TPS,Fuel PW,Target RPM,IAC Steps,Idle PID,Pump PWM,Air Temp,Cylinder Temp,Battery,BARO,Run State,Fault,Fault,Fault,Fault,Save Fault,Save Fault,Save Fault,Save Fault,Gear State,vehicle speed,
1772,48.0,-15.3,179,13.1,13.95,-6.3,-2.3,1,8.6,2.52,896,37,-18,0,96,141,13.80,102.3,Dash,0,0,0,0,0,0,0,0,0,0,
RPM,MAP,Vacuum,Coolant Temp,AFR,Target AFR,AFR Trim %,AFR Learn %,Fan,TPS,Fuel PW,Target RPM,IAC Steps,Idle PID,Pump PWM,Air Temp,Cylinder Temp,Battery,BARO,Run State,Fault,Fault,Fault,Fault,Save Fault,Save Fault,Save Fault,Save Fault,Gear State,vehicle speed,
1847,47.3,-15.6,179,13.1,13.98,-7.0,-2.3,1,8.6,2.51,896,37,-18,0,96,141,13.80,102.3,Dash,0,0,0,0,0,0,0,0,0,0,
RPM,MAP,Vacuum,Coolant Temp,AFR,Target AFR,AFR Trim %,AFR Learn %,Fan,TPS,Fuel PW,Target RPM,IAC Steps,Idle PID,Pump PWM,Air Temp,Cylinder Temp,Battery,BARO,Run State,Fault,Fault,Fault,Fault,Save Fault,Save Fault,Save Fault,Save Fault,Gear State,vehicle speed,
1858,47.0,-15.6,179,13.1,14.01,-8.6,-3.1,1,8.6,2.43,896,37,-18,0,96,141,13.90,102.3,Dash,0,0,0,0,0,0,0,0,0,0,
RPM,MAP,Vacuum,Coolant Temp,AFR,Target AFR,AFR Trim %,AFR Learn %,Fan,TPS,Fuel PW,Target RPM,IAC Steps,Idle PID,Pump PWM,Air Temp,Cylinder Temp,Battery,BARO,Run State,Fault,Fault,Fault,Fault,Save Fault,Save Fault,Save Fault,Save Fault,Gear State,vehicle speed,
1871,46.0,-15.9,177,13.1,14.04,-9.4,-3.1,1,8.1,2.39,896,39,-18,0,96,141,13.80,102.3,Dash,0,0,0,0,0,0,0,0,0,0,
RPM,MAP,Vacuum,Coolant Temp,AFR,Target AFR,AFR Trim %,AFR Learn %,Fan,TPS,Fuel PW,Target RPM,IAC Steps,Idle PID,Pump PWM,Air Temp,Cylinder Temp,Battery,BARO,Run State,Fault,Fault,Fault,Fault,Save Fault,Save Fault,Save Fault,Save Fault,Gear State,vehicle speed,
1853,40.8,-17.5,177,13.2,14.06,-10.2,-3.1,1,5.6,1.91,896,39,-18,0,96,140,13.80,102.3,Dash,0,0,0,0,0,0,0,0,0,0,
RPM,MAP,Vacuum,Coolant Temp,AFR,Target AFR,AFR Trim %,AFR Learn %,Fan,TPS,Fuel PW,Target RPM,IAC Steps,Idle PID,Pump PWM,Air Temp,Cylinder Temp,Battery,BARO,Run State,Fault,Fault,Fault,Fault,Save Fault,Save Fault,Save Fault,Save Fault,Gear State,vehicle speed,
1900,39.8,-17.8,177,13.5,14.09,-10.2,-3.1,1,5.6,2.09,896,39,-18,0,96,140,13.80,102.3,Dash,0,0,0,0,0,0,0,0,0,0,
RPM,MAP,Vacuum,Coolant Temp,AFR,Target AFR,AFR Trim %,AFR Learn %,Fan,TPS,Fuel PW,Target RPM,IAC Steps,Idle PID,Pump PWM,Air Temp,Cylinder Temp,Battery,BARO,Run State,Fault,Fault,Fault,Fault,Save Fault,Save Fault,Save Fault,Save Fault,Gear State,vehicle speed,
1912,40.3,-17.7,177,13.7,14.08,-10.9,-3.1,1,5.6,2.11,896,39,-18,0,96,140,13.80,102.3,Dash,0,0,0,0,0,0,0,0,0,0,
RPM,MAP,Vacuum,Coolant Temp,AFR,Target AFR,AFR Trim %,AFR Learn %,Fan,TPS,Fuel PW,Target RPM,IAC Steps,Idle PID,Pump PWM,Air Temp,Cylinder Temp,Battery,BARO,Run State,Fault,Fault,Fault,Fault,Save Fault,Save Fault,Save Fault,Save Fault,Gear State,vehicle speed,
1927,40.8,-17.5,177,13.6,14.07,-10.9,-3.1,1,5.6,2.13,896,39,-18,0,96,140,13.80,102.3,Dash,0,0,0,0,0,0,0,0,0,0,
RPM,MAP,Vacuum,Coolant Temp,AFR,Target AFR,AFR Trim %,AFR Learn %,Fan,TPS,Fuel PW,Target RPM,IAC Steps,Idle PID,Pump PWM,Air Temp,Cylinder Temp,Battery,BARO,Run State,Fault,Fault,Fault,Fault,Save Fault,Save Fault,Save Fault,Save Fault,Gear State,vehicle speed,
1864,40.5,-17.6,177,13.6,14.07,-11.7,-3.1,1,5.6,2.07,896,38,-18,0,96,140,13.90,102.3,Dash,0,0,0,0,0,0,0,0,0,0,
RPM,MAP,Vacuum,Coolant Temp,AFR,Target AFR,AFR Trim %,AFR Learn %,Fan,TPS,Fuel PW,Target RPM,IAC Steps,Idle PID,Pump PWM,Air Temp,Cylinder Temp,Battery,BARO,Run State,Fault,Fault,Fault,Fault,Save Fault,Save Fault,Save Fault,Save Fault,Gear State,vehicle speed,
1859,40.5,-17.6,177,13.6,14.06,-12.5,-3.1,1,5.6,2.06,896,37,-18,0,96,140,13.80,102.3,Dash,0,0,0,0,0,0,0,0,0,0,
RPM,MAP,Vacuum,Coolant Temp,AFR,Target AFR,AFR Trim %,AFR Learn %,Fan,TPS,Fuel PW,Target RPM,IAC Steps,Idle PID,Pump PWM,Air Temp,Cylinder Temp,Battery,BARO,Run State,Fault,Fault,Fault,Fault,Save Fault,Save Fault,Save Fault,Save Fault,Gear State,vehicle speed,
1755,33.0,-19.8,177,13.7,14.05,-12.5,-2.3,1,0.5,2.13,896,37,-18,0,96,140,13.80,102.3,Dash,0,0,0,0,0,0,0,0,0,0,
RPM,MAP,Vacuum,Coolant Temp,AFR,Target AFR,AFR Trim %,AFR Learn %,Fan,TPS,Fuel PW,Target RPM,IAC Steps,Idle PID,Pump PWM,Air Temp,Cylinder Temp,Battery,BARO,Run State,Fault,Fault,Fault,Fault,Save Fault,Save Fault,Save Fault,Save Fault,Gear State,vehicle speed,
1803,32.5,-20.0,177,13.1,14.04,-13.3,-2.3,1,0.5,2.87,896,37,-18,0,96,140,13.80,102.3,Dash,0,0,0,0,0,0,0,0,0,0,
RPM,MAP,Vacuum,Coolant Temp,AFR,Target AFR,AFR Trim %,AFR Learn %,Fan,TPS,Fuel PW,Target RPM,IAC Steps,Idle PID,Pump PWM,Air Temp,Cylinder Temp,Battery,BARO,Run State,Fault,Fault,Fault,Fault,Save Fault,Save Fault,Save Fault,Save Fault,Gear State,vehicle speed,
1702,33.3,-19.8,177,12.5,14.03,-14.8,-3.1,1,0.5,2.78,896,35,-18,0,96,140,13.80,102.3,Dash,0,0,0,0,0,0,0,0,0,0,
RPM,MAP,Vacuum,Coolant Temp,AFR,Target AFR,AFR Trim %,AFR Learn %,Fan,TPS,Fuel PW,Target RPM,IAC Steps,Idle PID,Pump PWM,Air Temp,Cylinder Temp,Battery,BARO,Run State,Fault,Fault,Fault,Fault,Save Fault,Save Fault,Save Fault,Save Fault,Gear State,vehicle speed,
1707,33.0,-19.8,176,12.3,14.01,-16.4,-3.1,1,0.5,2.73,896,33,-18,0,96,140,13.70,102.3,Dash,0,0,0,0,0,0,0,0,0,0,
RPM,MAP,Vacuum,Coolant Temp,AFR,Target AFR,AFR Trim %,AFR Learn %,Fan,TPS,Fuel PW,Target RPM,IAC Steps,Idle PID,Pump PWM,Air Temp,Cylinder Temp,Battery,BARO,Run State,Fault,Fault,Fault,Fault,Save Fault,Save Fault,Save Fault,Save Fault,Gear State,vehicle speed,
1702,40.5,-17.6,176,12.3,14.01,-17.2,-4.7,1,5.6,3.46,896,36,-18,0,95,140,13.70,102.3,Dash,0,0,0,0,0,0,0,0,0,0,
RPM,MAP,Vacuum,Coolant Temp,AFR,Target AFR,AFR Trim %,AFR Learn %,Fan,TPS,Fuel PW,Target RPM,IAC Steps,Idle PID,Pump PWM,Air Temp,Cylinder Temp,Battery,BARO,Run State,Fault,Fault,Fault,Fault,Save Fault,Save Fault,Save Fault,Save Fault,Gear State,vehicle speed,
1721,46.3,-15.8,176,12.9,13.99,-1.6,-5.5,1,7.6,4.43,896,38,-18,0,95,140,13.70,102.3,Dash,0,0,0,0,0,0,0,0,0,0,
RPM,MAP,Vacuum,Coolant Temp,AFR,Target AFR,AFR Trim %,AFR Learn %,Fan,TPS,Fuel PW,Target RPM,IAC Steps,Idle PID,Pump PWM,Air Temp,Cylinder Temp,Battery,BARO,Run State,Fault,Fault,Fault,Fault,Save Fault,Save Fault,Save Fault,Save Fault,Gear State,vehicle speed,
1706,48.8,-15.1,176,13.6,13.89,-0.8,-5.5,1,7.6,4.61,896,38,-18,0,95,140,13.70,102.3,Dash,0,0,0,0,0,0,0,0,0,0,
RPM,MAP,Vacuum,Coolant Temp,AFR,Target AFR,AFR Trim %,AFR Learn %,Fan,TPS,Fuel PW,Target RPM,IAC Steps,Idle PID,Pump PWM,Air Temp,Cylinder Temp,Battery,BARO,Run State,Fault,Fault,Fault,Fault,Save Fault,Save Fault,Save Fault,Save Fault,Gear State,vehicle speed,
1694,48.8,-15.1,176,13.7,13.91,-2.3,-6.3,1,7.6,4.49,896,38,-18,0,95,140,13.80,102.3,Dash,0,0,0,0,0,0,0,0,0,0,
RPM,MAP,Vacuum,Coolant Temp,AFR,Target AFR,AFR Trim %,AFR Learn %,Fan,TPS,Fuel PW,Target RPM,IAC Steps,Idle PID,Pump PWM,Air Temp,Cylinder Temp,Battery,BARO,Run State,Fault,Fault,Fault,Fault,Save Fault,Save Fault,Save Fault,Save Fault,Gear State,vehicle speed,
1767,48.0,-15.3,176,13.1,13.94,-3.1,-6.3,1,8.1,4.42,896,38,-18,0,95,138,13.80,102.3,Dash,0,0,0,0,0,0,0,0,0,0,
RPM,MAP,Vacuum,Coolant Temp,AFR,Target AFR,AFR Trim %,AFR Learn %,Fan,TPS,Fuel PW,Target RPM,IAC Steps,Idle PID,Pump PWM,Air Temp,Cylinder Temp,Battery,BARO,Run State,Fault,Fault,Fault,Fault,Save Fault,Save Fault,Save Fault,Save Fault,Gear State,vehicle speed,
1822,50.0,-14.8,176,12.9,13.89,-4.7,-4.7,1,9.6,2.65,896,38,-18,0,95,138,13.80,102.3,Dash,0,0,0,0,0,0,0,0,0,0,
RPM,MAP,Vacuum,Coolant Temp,AFR,Target AFR,AFR Trim %,AFR Learn %,Fan,TPS,Fuel PW,Target RPM,IAC Steps,Idle PID,Pump PWM,Air Temp,Cylinder Temp,Battery,BARO,Run State,Fault,Fault,Fault,Fault,Save Fault,Save Fault,Save Fault,Save Fault,Gear State,vehicle speed,
1941,55.8,-13.1,176,13.2,13.75,-5.5,-4.7,1,12.6,3.19,896,40,-18,0,95,138,13.80,102.3,Dash,0,0,0,0,0,0,0,0,0,0,
RPM,MAP,Vacuum,Coolant Temp,AFR,Target AFR,AFR Trim %,AFR Learn %,Fan,TPS,Fuel PW,Target RPM,IAC Steps,Idle PID,Pump PWM,Air Temp,Cylinder Temp,Battery,BARO,Run State,Fault,Fault,Fault,Fault,Save Fault,Save Fault,Save Fault,Save Fault,Gear State,vehicle speed,
2005,55.8,-13.1,176,13.4,13.78,-5.5,-3.9,1,12.6,3.07,896,40,-18,0,95,138,13.80,102.3,Dash,0,0,0,0,0,0,0,0,0,0,
RPM,MAP,Vacuum,Coolant Temp,AFR,Target AFR,AFR Trim %,AFR Learn %,Fan,TPS,Fuel PW,Target RPM,IAC Steps,Idle PID,Pump PWM,Air Temp,Cylinder Temp,Battery,BARO,Run State,Fault,Fault,Fault,Fault,Save Fault,Save Fault,Save Fault,Save Fault,Gear State,vehicle speed,
2072,53.8,-13.7,176,13.1,13.83,-6.3,-3.9,1,12.6,2.98,896,40,-18,0,95,138,13.80,102.3,Dash,0,0,0,0,0,0,0,0,0,0,
RPM,MAP,Vacuum,Coolant Temp,AFR,Target AFR,AFR Trim %,AFR Learn %,Fan,TPS,Fuel PW,Target RPM,IAC Steps,Idle PID,Pump PWM,Air Temp,Cylinder Temp,Battery,BARO,Run State,Fault,Fault,Fault,Fault,Save Fault,Save Fault,Save Fault,Save Fault,Gear State,vehicle speed,
2138,51.5,-14.3,176,12.8,13.92,-7.0,-4.7,1,12.6,2.83,896,40,-18,0,95,138,13.80,102.3,Dash,0,0,0,0,0,0,0,0,0,0,
RPM,MAP,Vacuum,Coolant Temp,AFR,Target AFR,AFR Trim %,AFR Learn %,Fan,TPS,Fuel PW,Target RPM,IAC Steps,Idle PID,Pump PWM,Air Temp,Cylinder Temp,Battery,BARO,Run State,Fault,Fault,Fault,Fault,Save Fault,Save Fault,Save Fault,Save Fault,Gear State,vehicle speed,
2231,51.0,-14.5,176,12.9,13.98,-8.6,-3.9,1,12.6,2.84,896,40,-18,0,95,138,13.80,102.3,Dash,0,0,0,0,0,0,0,0,0,0,
RPM,MAP,Vacuum,Coolant Temp,AFR,Target AFR,AFR Trim %,AFR Learn %,Fan,TPS,Fuel PW,Target RPM,IAC Steps,Idle PID,Pump PWM,Air Temp,Cylinder Temp,Battery,BARO,Run State,Fault,Fault,Fault,Fault,Save Fault,Save Fault,Save Fault,Save Fault,Gear State,vehicle speed,
2310,49.5,-14.9,176,12.7,14.03,-10.2,-3.9,1,12.6,2.76,896,42,-18,0,95,138,13.80,102.3,Dash,0,0,0,0,0,0,0,0,0,0,
RPM,MAP,Vacuum,Coolant Temp,AFR,Target AFR,AFR Trim %,AFR Learn %,Fan,TPS,Fuel PW,Target RPM,IAC Steps,Idle PID,Pump PWM,Air Temp,Cylinder Temp,Battery,BARO,Run State,Fault,Fault,Fault,Fault,Save Fault,Save Fault,Save Fault,Save Fault,Gear State,vehicle speed,
2384,48.5,-15.2,176,12.5,14.08,-12.5,-3.9,1,12.6,2.69,896,42,-18,0,95,138,13.90,102.3,Dash,0,0,0,0,0,0,0,0,0,0,
RPM,MAP,Vacuum,Coolant Temp,AFR,Target AFR,AFR Trim %,AFR Learn %,Fan,TPS,Fuel PW,Target RPM,IAC Steps,Idle PID,Pump PWM,Air Temp,Cylinder Temp,Battery,BARO,Run State,Fault,Fault,Fault,Fault,Save Fault,Save Fault,Save Fault,Save Fault,Gear State,vehicle speed,
2409,48.0,-15.3,176,12.6,14.13,-14.1,-3.9,1,12.6,2.63,896,42,-18,0,95,138,13.80,102.3,Dash,0,0,0,0,0,0,0,0,0,0,
RPM,MAP,Vacuum,Coolant Temp,AFR,Target AFR,AFR Trim %,AFR Learn %,Fan,TPS,Fuel PW,Target RPM,IAC Steps,Idle PID,Pump PWM,Air Temp,Cylinder Temp,Battery,BARO,Run State,Fault,Fault,Fault,Fault,Save Fault,Save Fault,Save Fault,Save Fault,Gear State,vehicle speed,
2428,48.3,-15.3,176,12.8,14.13,-16.4,-3.9,1,12.6,2.61,896,42,-18,0,95,138,13.80,102.3,Dash,0,0,0,0,0,0,0,0,0,0,
RPM,MAP,Vacuum,Coolant Temp,AFR,Target AFR,AFR Trim %,AFR Learn %,Fan,TPS,Fuel PW,Target RPM,IAC Steps,Idle PID,Pump PWM,Air Temp,Cylinder Temp,Battery,BARO,Run State,Fault,Fault,Fault,Fault,Save Fault,Save Fault,Save Fault,Save Fault,Gear State,vehicle speed,
2513,47.8,-15.4,176,12.9,14.14,-18.0,-3.9,1,12.6,2.57,896,42,-18,0,95,136,13.80,102.3,Dash,0,0,0,0,0,0,0,0,0,0,
RPM,MAP,Vacuum,Coolant Temp,AFR,Target AFR,AFR Trim %,AFR Learn %,Fan,TPS,Fuel PW,Target RPM,IAC Steps,Idle PID,Pump PWM,Air Temp,Cylinder Temp,Battery,BARO,Run State,Fault,Fault,Fault,Fault,Save Fault,Save Fault,Save Fault,Save Fault,Gear State,vehicle speed,
2546,49.0,-15.0,176,12.8,14.13,-19.5,-3.1,1,13.1,2.66,896,42,-18,0,95,136,13.80,102.3,Dash,0,0,0,0,0,0,0,0,0,0,
RPM,MAP,Vacuum,Coolant Temp,AFR,Target AFR,AFR Trim %,AFR Learn %,Fan,TPS,Fuel PW,Target RPM,IAC Steps,Idle PID,Pump PWM,Air Temp,Cylinder Temp,Battery,BARO,Run State,Fault,Fault,Fault,Fault,Save Fault,Save Fault,Save Fault,Save Fault,Gear State,vehicle speed,
2658,53.8,-13.7,176,12.9,13.97,-21.1,-2.3,1,16.2,3.04,896,44,-18,0,95,136,13.80,102.3,Dash,53,0,0,0,0,0,0,0,0,0,
RPM,MAP,Vacuum,Coolant Temp,AFR,Target AFR,AFR Trim %,AFR Learn %,Fan,TPS,Fuel PW,Target RPM,IAC Steps,Idle PID,Pump PWM,Air Temp,Cylinder Temp,Battery,BARO,Run State,Fault,Fault,Fault,Fault,Save Fault,Save Fault,Save Fault,Save Fault,Gear State,vehicle speed,
2723,56.0,-13.0,176,13.1,13.86,-21.9,-2.3,1,17.2,3.06,896,44,-18,0,95,136,13.80,102.3,Dash,53,0,0,0,0,0,0,0,0,0,
RPM,MAP,Vacuum,Coolant Temp,AFR,Target AFR,AFR Trim %,AFR Learn %,Fan,TPS,Fuel PW,Target RPM,IAC Steps,Idle PID,Pump PWM,Air Temp,Cylinder Temp,Battery,BARO,Run State,Fault,Fault,Fault,Fault,Save Fault,Save Fault,Save Fault,Save Fault,Gear State,vehicle speed,
2808,54.8,-13.4,176,12.9,13.98,-23.4,-2.3,1,17.2,2.94,896,44,-18,0,96,136,13.80,102.3,Dash,53,0,0,0,0,0,0,0,0,0,
RPM,MAP,Vacuum,Coolant Temp,AFR,Target AFR,AFR Trim %,AFR Learn %,Fan,TPS,Fuel PW,Target RPM,IAC Steps,Idle PID,Pump PWM,Air Temp,Cylinder Temp,Battery,BARO,Run State,Fault,Fault,Fault,Fault,Save Fault,Save Fault,Save Fault,Save Fault,Gear State,vehicle speed,
2881,53.3,-13.8,176,12.9,14.05,-25.0,-1.6,1,17.2,2.85,896,44,-18,0,96,136,13.80,102.3,Dash,53,0,0,0,0,0,0,0,0,0,
RPM,MAP,Vacuum,Coolant Temp,AFR,Target AFR,AFR Trim %,AFR Learn %,Fan,TPS,Fuel PW,Target RPM,IAC Steps,Idle PID,Pump PWM,Air Temp,Cylinder Temp,Battery,BARO,Run State,Fault,Fault,Fault,Fault,Save Fault,Save Fault,Save Fault,Save Fault,Gear State,vehicle speed,
2917,51.5,-14.3,176,13.2,14.10,-26.6,-2.3,1,17.2,2.70,896,44,-18,0,96,136,13.80,102.3,Dash,53,0,0,0,0,0,0,0,0,0,
RPM,MAP,Vacuum,Coolant Temp,AFR,Target AFR,AFR Trim %,AFR Learn %,Fan,TPS,Fuel PW,Target RPM,IAC Steps,Idle PID,Pump PWM,Air Temp,Cylinder Temp,Battery,BARO,Run State,Fault,Fault,Fault,Fault,Save Fault,Save Fault,Save Fault,Save Fault,Gear State,vehicle speed,
3024,50.3,-14.7,176,13.5,14.14,-27.3,-2.3,1,17.2,2.63,896,46,-18,0,96,136,13.80,102.3,Dash,53,0,0,0,0,0,0,0,0,0,
RPM,MAP,Vacuum,Coolant Temp,AFR,Target AFR,AFR Trim %,AFR Learn %,Fan,TPS,Fuel PW,Target RPM,IAC Steps,Idle PID,Pump PWM,Air Temp,Cylinder Temp,Battery,BARO,Run State,Fault,Fault,Fault,Fault,Save Fault,Save Fault,Save Fault,Save Fault,Gear State,vehicle speed,
3102,49.8,-14.8,176,13.9,14.17,-18.8,-2.3,1,17.2,2.86,896,46,-18,0,96,136,13.80,102.3,Dash,53,0,0,0,0,0,0,0,0,0,
RPM,MAP,Vacuum,Coolant Temp,AFR,Target AFR,AFR Trim %,AFR Learn %,Fan,TPS,Fuel PW,Target RPM,IAC Steps,Idle PID,Pump PWM,Air Temp,Cylinder Temp,Battery,BARO,Run State,Fault,Fault,Fault,Fault,Save Fault,Save Fault,Save Fault,Save Fault,Gear State,vehicle speed,
2836,49.5,-14.9,176,14.0,13.90,-19.5,-3.1,1,17.2,2.93,896,46,-18,0,96,136,13.80,102.3,Dash,53,0,0,0,0,0,0,0,0,0,
RPM,MAP,Vacuum,Coolant Temp,AFR,Target AFR,AFR Trim %,AFR Learn %,Fan,TPS,Fuel PW,Target RPM,IAC Steps,Idle PID,Pump PWM,Air Temp,Cylinder Temp,Battery,BARO,Run State,Fault,Fault,Fault,Fault,Save Fault,Save Fault,Save Fault,Save Fault,Gear State,vehicle speed,
2938,48.8,-15.1,176,14.5,14.14,-18.8,-3.9,1,17.2,2.75,896,46,-18,0,96,136,13.80,102.3,Dash,53,0,0,0,0,0,0,0,0,0,
RPM,MAP,Vacuum,Coolant Temp,AFR,Target AFR,AFR Trim %,AFR Learn %,Fan,TPS,Fuel PW,Target RPM,IAC Steps,Idle PID,Pump PWM,Air Temp,Cylinder Temp,Battery,BARO,Run State,Fault,Fault,Fault,Fault,Save Fault,Save Fault,Save Fault,Save Fault,Gear State,vehicle speed,
3165,47.3,-15.6,176,15.3,14.30,-16.4,-3.9,1,17.2,2.75,896,46,-18,0,96,136,13.80,102.3,Dash,53,0,0,0,0,0,0,0,0,0,
RPM,MAP,Vacuum,Coolant Temp,AFR,Target AFR,AFR Trim %,AFR Learn %,Fan,TPS,Fuel PW,Target RPM,IAC Steps,Idle PID,Pump PWM,Air Temp,Cylinder Temp,Battery,BARO,Run State,Fault,Fault,Fault,Fault,Save Fault,Save Fault,Save Fault,Save Fault,Gear State,vehicle speed,
2503,47.3,-15.6,176,15.5,14.25,-14.8,-3.9,1,17.2,2.47,896,46,-18,0,96,136,13.80,102.3,Dash,53,0,0,0,0,0,0,0,0,0,
RPM,MAP,Vacuum,Coolant Temp,AFR,Target AFR,AFR Trim %,AFR Learn %,Fan,TPS,Fuel PW,Target RPM,IAC Steps,Idle PID,Pump PWM,Air Temp,Cylinder Temp,Battery,BARO,Run State,Fault,Fault,Fault,Fault,Save Fault,Save Fault,Save Fault,Save Fault,Gear State,vehicle speed,
2853,48.3,-15.3,176,16.0,14.02,-10.9,-5.5,1,17.2,2.94,896,45,-18,0,96,136,13.90,102.3,Dash,53,0,0,0,0,0,0,0,0,0,
RPM,MAP,Vacuum,Coolant Temp,AFR,Target AFR,AFR Trim %,AFR Learn %,Fan,TPS,Fuel PW,Target RPM,IAC Steps,Idle PID,Pump PWM,Air Temp,Cylinder Temp,Battery,BARO,Run State,Fault,Fault,Fault,Fault,Save Fault,Save Fault,Save Fault,Save Fault,Gear State,vehicle speed,
2943,48.3,-15.3,176,16.8,13.88,-8.6,-5.5,1,17.2,3.02,896,45,-18,0,96,136,13.80,102.3,Dash,53,0,0,0,0,0,0,0,0,0,
RPM,MAP,Vacuum,Coolant Temp,AFR,Target AFR,AFR Trim %,AFR Learn %,Fan,TPS,Fuel PW,Target RPM,IAC Steps,Idle PID,Pump PWM,Air Temp,Cylinder Temp,Battery,BARO,Run State,Fault,Fault,Fault,Fault,Save Fault,Save Fault,Save Fault,Save Fault,Gear State,vehicle speed,
3215,47.8,-15.4,176,17.4,14.18,-4.7,-4.7,1,17.2,2.61,896,46,-18,0,96,136,13.90,102.3,Dash,53,0,0,0,0,0,0,0,0,0,
RPM,MAP,Vacuum,Coolant Temp,AFR,Target AFR,AFR Trim %,AFR Learn %,Fan,TPS,Fuel PW,Target RPM,IAC Steps,Idle PID,Pump PWM,Air Temp,Cylinder Temp,Battery,BARO,Run State,Fault,Fault,Fault,Fault,Save Fault,Save Fault,Save Fault,Save Fault,Gear State,vehicle speed,
2952,24.3,-22.4,176,16.8,13.90,0.0,0.0,1,0.0,2.89,1412,44,-18,0,96,136,13.80,102.3,Tail,53,0,0,0,0,0,0,0,0,0,
RPM,MAP,Vacuum,Coolant Temp,AFR,Target AFR,AFR Trim %,AFR Learn %,Fan,TPS,Fuel PW,Target RPM,IAC Steps,Idle PID,Pump PWM,Air Temp,Cylinder Temp,Battery,BARO,Run State,Fault,Fault,Fault,Fault,Save Fault,Save Fault,Save Fault,Save Fault,Gear State,vehicle speed,
2563,27.5,-21.4,176,15.2,13.90,0.0,-0.8,1,0.0,3.25,1412,37,-25,0,96,136,13.90,102.3,Tail,53,0,0,0,0,0,0,0,0,0,
RPM,MAP,Vacuum,Coolant Temp,AFR,Target AFR,AFR Trim %,AFR Learn %,Fan,TPS,Fuel PW,Target RPM,IAC Steps,Idle PID,Pump PWM,Air Temp,Cylinder Temp,Battery,BARO,Run State,Fault,Fault,Fault,Fault,Save Fault,Save Fault,Save Fault,Save Fault,Gear State,vehicle speed,
2168,30.5,-20.6,176,14.7,13.90,0.0,-2.3,1,0.0,3.54,1412,42,0,0,96,136,13.80,102.3,Tail,53,0,0,0,0,0,0,0,0,0,
RPM,MAP,Vacuum,Coolant Temp,AFR,Target AFR,AFR Trim %,AFR Learn %,Fan,TPS,Fuel PW,Target RPM,IAC Steps,Idle PID,Pump PWM,Air Temp,Cylinder Temp,Battery,BARO,Run State,Fault,Fault,Fault,Fault,Save Fault,Save Fault,Save Fault,Save Fault,Gear State,vehicle speed,
1891,33.5,-19.7,176,14.1,13.90,-0.8,-3.9,1,0.5,3.42,1412,53,-4,0,96,138,13.90,102.3,Tail,53,0,0,0,0,0,0,0,0,0,
RPM,MAP,Vacuum,Coolant Temp,AFR,Target AFR,AFR Trim %,AFR Learn %,Fan,TPS,Fuel PW,Target RPM,IAC Steps,Idle PID,Pump PWM,Air Temp,Cylinder Temp,Battery,BARO,Run State,Fault,Fault,Fault,Fault,Save Fault,Save Fault,Save Fault,Save Fault,Gear State,vehicle speed,
1715,51.5,-14.3,176,12.2,13.87,-3.9,-7.0,1,10.6,2.91,1412,51,-5,0,96,138,13.80,102.3,Dash,53,0,0,0,0,0,0,0,0,0,
RPM,MAP,Vacuum,Coolant Temp,AFR,Target AFR,AFR Trim %,AFR Learn %,Fan,TPS,Fuel PW,Target RPM,IAC Steps,Idle PID,Pump PWM,Air Temp,Cylinder Temp,Battery,BARO,Run State,Fault,Fault,Fault,Fault,Save Fault,Save Fault,Save Fault,Save Fault,Gear State,vehicle speed,
1747,66.5,-9.9,176,11.6,13.38,-0.8,-3.9,1,14.6,3.79,1412,51,-5,0,96,138,13.80,102.3,Dash,53,0,0,0,0,0,0,0,0,0,
RPM,MAP,Vacuum,Coolant Temp,AFR,Target AFR,AFR Trim %,AFR Learn %,Fan,TPS,Fuel PW,Target RPM,IAC Steps,Idle PID,Pump PWM,Air Temp,Cylinder Temp,Battery,BARO,Run State,Fault,Fault,Fault,Fault,Save Fault,Save Fault,Save Fault,Save Fault,Gear State,vehicle speed,
1781,73.0,-8.0,176,12.6,13.18,-0.8,-3.1,1,17.7,4.30,1412,51,-5,0,96,138,13.80,102.3,Dash,53,0,0,0,0,0,0,0,0,0,
RPM,MAP,Vacuum,Coolant Temp,AFR,Target AFR,AFR Trim %,AFR Learn %,Fan,TPS,Fuel PW,Target RPM,IAC Steps,Idle PID,Pump PWM,Air Temp,Cylinder Temp,Battery,BARO,Run State,Fault,Fault,Fault,Fault,Save Fault,Save Fault,Save Fault,Save Fault,Gear State,vehicle speed,
1845,73.5,-7.9,176,12.8,13.19,-1.6,-3.1,1,17.7,4.36,1412,51,-5,0,96,138,13.80,102.3,Dash,53,0,0,0,0,0,0,0,0,0,
RPM,MAP,Vacuum,Coolant Temp,AFR,Target AFR,AFR Trim %,AFR Learn %,Fan,TPS,Fuel PW,Target RPM,IAC Steps,Idle PID,Pump PWM,Air Temp,Cylinder Temp,Battery,BARO,Run State,Fault,Fault,Fault,Fault,Save Fault,Save Fault,Save Fault,Save Fault,Gear State,vehicle speed,
1900,72.3,-8.2,176,12.2,13.23,-3.9,-3.1,1,18.2,4.25,1412,52,-5,0,96,138,13.80,102.3,Dash,53,0,0,0,0,0,0,0,0,0,
RPM,MAP,Vacuum,Coolant Temp,AFR,Target AFR,AFR Trim %,AFR Learn %,Fan,TPS,Fuel PW,Target RPM,IAC Steps,Idle PID,Pump PWM,Air Temp,Cylinder Temp,Battery,BARO,Run State,Fault,Fault,Fault,Fault,Save Fault,Save Fault,Save Fault,Save Fault,Gear State,vehicle speed,
1951,76.0,-7.1,176,12.0,13.13,-4.7,-2.3,1,20.2,4.57,1412,53,-5,0,96,138,13.80,102.3,Dash,53,0,0,0,0,0,0,0,0,0,
RPM,MAP,Vacuum,Coolant Temp,AFR,Target AFR,AFR Trim %,AFR Learn %,Fan,TPS,Fuel PW,Target RPM,IAC Steps,Idle PID,Pump PWM,Air Temp,Cylinder Temp,Battery,BARO,Run State,Fault,Fault,Fault,Fault,Save Fault,Save Fault,Save Fault,Save Fault,Gear State,vehicle speed,
1982,77.0,-6.8,176,12.0,13.10,-7.0,-2.3,1,20.2,4.59,1412,53,-5,0,96,138,13.80,102.3,Dash,53,0,0,0,0,0,0,0,0,0,
RPM,MAP,Vacuum,Coolant Temp,AFR,Target AFR,AFR Trim %,AFR Learn %,Fan,TPS,Fuel PW,Target RPM,IAC Steps,Idle PID,Pump PWM,Air Temp,Cylinder Temp,Battery,BARO,Run State,Fault,Fault,Fault,Fault,Save Fault,Save Fault,Save Fault,Save Fault,Gear State,vehicle speed,
2049,76.3,-7.0,176,11.8,13.13,-8.6,-2.3,1,20.7,4.49,1412,53,-5,0,96,136,13.80,102.3,Dash,53,0,0,0,0,0,0,0,0,0,
RPM,MAP,Vacuum,Coolant Temp,AFR,Target AFR,AFR Trim %,AFR Learn %,Fan,TPS,Fuel PW,Target RPM,IAC Steps,Idle PID,Pump PWM,Air Temp,Cylinder Temp,Battery,BARO,Run State,Fault,Fault,Fault,Fault,Save Fault,Save Fault,Save Fault,Save Fault,Gear State,vehicle speed,
2091,76.5,-6.9,176,11.8,13.13,-10.9,-2.3,1,20.7,4.47,1412,53,-5,0,96,136,13.80,102.3,Dash,53,0,0,0,0,0,0,0,0,0,
RPM,MAP,Vacuum,Coolant Temp,AFR,Target AFR,AFR Trim %,AFR Learn %,Fan,TPS,Fuel PW,Target RPM,IAC Steps,Idle PID,Pump PWM,Air Temp,Cylinder Temp,Battery,BARO,Run State,Fault,Fault,Fault,Fault,Save Fault,Save Fault,Save Fault,Save Fault,Gear State,vehicle speed,
2140,75.0,-7.4,176,11.9,13.17,-13.3,-2.3,1,20.7,4.29,1412,53,-5,0,96,136,13.80,102.3,Dash,53,0,0,0,0,0,0,0,0,0,
RPM,MAP,Vacuum,Coolant Temp,AFR,Target AFR,AFR Trim %,AFR Learn %,Fan,TPS,Fuel PW,Target RPM,IAC Steps,Idle PID,Pump PWM,Air Temp,Cylinder Temp,Battery,BARO,Run State,Fault,Fault,Fault,Fault,Save Fault,Save Fault,Save Fault,Save Fault,Gear State,vehicle speed,
2176,74.5,-7.6,176,12.0,13.22,-14.8,-1.6,1,20.7,4.21,1412,53,-5,0,96,136,13.80,102.3,Dash,0,0,0,0,0,0,0,0,0,0,
RPM,MAP,Vacuum,Coolant Temp,AFR,Target AFR,AFR Trim %,AFR Learn %,Fan,TPS,Fuel PW,Target RPM,IAC Steps,Idle PID,Pump PWM,Air Temp,Cylinder Temp,Battery,BARO,Run State,Fault,Fault,Fault,Fault,Save Fault,Save Fault,Save Fault,Save Fault,Gear State,vehicle speed,
2266,73.5,-7.9,176,12.2,13.23,-16.4,-1.6,1,20.7,4.17,1412,53,-5,0,96,136,13.80,102.3,Dash,0,0,0,0,0,0,0,0,0,0,
RPM,MAP,Vacuum,Coolant Temp,AFR,Target AFR,AFR Trim %,AFR Learn %,Fan,TPS,Fuel PW,Target RPM,IAC Steps,Idle PID,Pump PWM,Air Temp,Cylinder Temp,Battery,BARO,Run State,Fault,Fault,Fault,Fault,Save Fault,Save Fault,Save Fault,Save Fault,Gear State,vehicle speed,
2297,73.5,-7.9,176,12.3,13.23,-18.0,-1.6,1,21.2,4.14,1412,55,-5,0,96,136,13.80,102.3,Dash,0,0,0,0,0,0,0,0,0,0,
RPM,MAP,Vacuum,Coolant Temp,AFR,Target AFR,AFR Trim %,AFR Learn %,Fan,TPS,Fuel PW,Target RPM,IAC Steps,Idle PID,Pump PWM,Air Temp,Cylinder Temp,Battery,BARO,Run State,Fault,Fault,Fault,Fault,Save Fault,Save Fault,Save Fault,Save Fault,Gear State,vehicle speed,
2348,73.0,-8.0,176,12.4,13.26,-18.8,-1.6,1,21.2,4.06,1412,55,-5,0,96,136,13.80,102.3,Dash,0,0,0,0,0,0,0,0,0,0,
RPM,MAP,Vacuum,Coolant Temp,AFR,Target AFR,AFR Trim %,AFR Learn %,Fan,TPS,Fuel PW,Target RPM,IAC Steps,Idle PID,Pump PWM,Air Temp,Cylinder Temp,Battery,BARO,Run State,Fault,Fault,Fault,Fault,Save Fault,Save Fault,Save Fault,Save Fault,Gear State,vehicle speed,
2387,72.5,-8.2,176,12.5,13.27,-20.3,-1.6,1,21.2,4.02,1412,55,-5,0,96,136,13.90,102.3,Dash,0,0,0,0,0,0,0,0,0,0,
RPM,MAP,Vacuum,Coolant Temp,AFR,Target AFR,AFR Trim %,AFR Learn %,Fan,TPS,Fuel PW,Target RPM,IAC Steps,Idle PID,Pump PWM,Air Temp,Cylinder Temp,Battery,BARO,Run State,Fault,Fault,Fault,Fault,Save Fault,Save Fault,Save Fault,Save Fault,Gear State,vehicle speed,
2442,71.5,-8.4,176,12.5,13.31,-21.9,-1.6,1,21.2,3.91,1412,55,-5,0,96,136,13.80,102.3,Dash,0,0,0,0,0,0,0,0,0,0,
RPM,MAP,Vacuum,Coolant Temp,AFR,Target AFR,AFR Trim %,AFR Learn %,Fan,TPS,Fuel PW,Target RPM,IAC Steps,Idle PID,Pump PWM,Air Temp,Cylinder Temp,Battery,BARO,Run State,Fault,Fault,Fault,Fault,Save Fault,Save Fault,Save Fault,Save Fault,Gear State,vehicle speed,
2464,72.0,-8.3,177,12.7,13.32,-22.7,-1.6,1,21.2,3.94,1412,54,-5,0,96,136,13.80,102.3,Dash,0,0,0,0,0,0,0,0,0,0,
RPM,MAP,Vacuum,Coolant Temp,AFR,Target AFR,AFR Trim %,AFR Learn %,Fan,TPS,Fuel PW,Target RPM,IAC Steps,Idle PID,Pump PWM,Air Temp,Cylinder Temp,Battery,BARO,Run State,Fault,Fault,Fault,Fault,Save Fault,Save Fault,Save Fault,Save Fault,Gear State,vehicle speed,
2518,71.0,-8.6,177,12.7,13.36,-23.4,-1.6,1,21.2,3.87,1412,54,-5,0,96,136,13.80,102.3,Dash,0,0,0,0,0,0,0,0,0,0,
RPM,MAP,Vacuum,Coolant Temp,AFR,Target AFR,AFR Trim %,AFR Learn %,Fan,TPS,Fuel PW,Target RPM,IAC Steps,Idle PID,Pump PWM,Air Temp,Cylinder Temp,Battery,BARO,Run State,Fault,Fault,Fault,Fault,Save Fault,Save Fault,Save Fault,Save Fault,Gear State,vehicle speed,
2547,70.0,-8.9,177,12.8,13.38,-24.2,-1.6,1,21.2,3.81,1412,54,-5,0,96,136,13.80,102.3,Dash,0,0,0,0,0,0,0,0,0,0,
RPM,MAP,Vacuum,Coolant Temp,AFR,Target AFR,AFR Trim %,AFR Learn %,Fan,TPS,Fuel PW,Target RPM,IAC Steps,Idle PID,Pump PWM,Air Temp,Cylinder Temp,Battery,BARO,Run State,Fault,Fault,Fault,Fault,Save Fault,Save Fault,Save Fault,Save Fault,Gear State,vehicle speed,
2620,70.3,-8.8,177,12.8,13.38,-25.8,-0.8,1,21.2,3.83,1412,56,-5,0,96,136,13.80,102.3,Dash,0,0,0,0,0,0,0,0,0,0,
RPM,MAP,Vacuum,Coolant Temp,AFR,Target AFR,AFR Trim %,AFR Learn %,Fan,TPS,Fuel PW,Target RPM,IAC Steps,Idle PID,Pump PWM,Air Temp,Cylinder Temp,Battery,BARO,Run State,Fault,Fault,Fault,Fault,Save Fault,Save Fault,Save Fault,Save Fault,Gear State,vehicle speed,
2628,69.3,-9.1,177,12.8,13.42,-26.6,-1.6,1,21.2,3.68,1412,56,-5,0,96,136,13.80,102.3,Dash,0,0,0,0,0,0,0,0,0,0,
RPM,MAP,Vacuum,Coolant Temp,AFR,Target AFR,AFR Trim %,AFR Learn %,Fan,TPS,Fuel PW,Target RPM,IAC Steps,Idle PID,Pump PWM,Air Temp,Cylinder Temp,Battery,BARO,Run State,Fault,Fault,Fault,Fault,Save Fault,Save Fault,Save Fault,Save Fault,Gear State,vehicle speed,
2634,68.5,-9.3,177,13.0,13.45,-27.3,-1.6,1,21.2,3.64,1412,56,-5,0,96,136,13.80,102.3,Dash,0,0,0,0,0,0,0,0,0,0,
RPM,MAP,Vacuum,Coolant Temp,AFR,Target AFR,AFR Trim %,AFR Learn %,Fan,TPS,Fuel PW,Target RPM,IAC Steps,Idle PID,Pump PWM,Air Temp,Cylinder Temp,Battery,BARO,Run State,Fault,Fault,Fault,Fault,Save Fault,Save Fault,Save Fault,Save Fault,Gear State,vehicle speed,
2686,68.0,-9.5,177,13.1,13.47,-28.1,-1.6,1,21.2,3.57,1412,56,-5,0,96,136,13.80,102.3,Dash,0,0,0,0,0,0,0,0,0,0,
RPM,MAP,Vacuum,Coolant Temp,AFR,Target AFR,AFR Trim %,AFR Learn %,Fan,TPS,Fuel PW,Target RPM,IAC Steps,Idle PID,Pump PWM,Air Temp,Cylinder Temp,Battery,BARO,Run State,Fault,Fault,Fault,Fault,Save Fault,Save Fault,Save Fault,Save Fault,Gear State,vehicle speed,
2719,66.5,-9.9,177,13.2,13.53,-28.9,-1.6,1,21.2,3.47,1412,56,-5,0,96,136,13.80,102.3,Dash,0,0,0,0,0,0,0,0,0,0,
RPM,MAP,Vacuum,Coolant Temp,AFR,Target AFR,AFR Trim %,AFR Learn %,Fan,TPS,Fuel PW,Target RPM,IAC Steps,Idle PID,Pump PWM,Air Temp,Cylinder Temp,Battery,BARO,Run State,Fault,Fault,Fault,Fault,Save Fault,Save Fault,Save Fault,Save Fault,Gear State,vehicle speed,
2751,66.3,-10.0,177,13.4,13.57,-28.9,-1.6,1,21.2,3.41,1412,56,-5,0,96,136,13.90,102.3,Dash,0,0,0,0,0,0,0,0,0,0,
RPM,MAP,Vacuum,Coolant Temp,AFR,Target AFR,AFR Trim %,AFR Learn %,Fan,TPS,Fuel PW,Target RPM,IAC Steps,Idle PID,Pump PWM,Air Temp,Cylinder Temp,Battery,BARO,Run State,Fault,Fault,Fault,Fault,Save Fault,Save Fault,Save Fault,Save Fault,Gear State,vehicle speed,
2797,66.0,-10.0,177,13.5,13.57,-22.7,-2.3,1,21.2,3.66,1412,56,-5,0,96,136,13.80,102.3,Dash,0,0,0,0,0,0,0,0,0,0,
RPM,MAP,Vacuum,Coolant Temp,AFR,Target AFR,AFR Trim %,AFR Learn %,Fan,TPS,Fuel PW,Target RPM,IAC Steps,Idle PID,Pump PWM,Air Temp,Cylinder Temp,Battery,BARO,Run State,Fault,Fault,Fault,Fault,Save Fault,Save Fault,Save Fault,Save Fault,Gear State,vehicle speed,
2868,64.8,-10.4,177,13.2,13.60,-27.3,-2.3,1,21.2,3.41,1412,56,-5,0,96,136,13.90,102.3,Dash,0,0,0,0,0,0,0,0,0,0,
RPM,MAP,Vacuum,Coolant Temp,AFR,Target AFR,AFR Trim %,AFR Learn %,Fan,TPS,Fuel PW,Target RPM,IAC Steps,Idle PID,Pump PWM,Air Temp,Cylinder Temp,Battery,BARO,Run State,Fault,Fault,Fault,Fault,Save Fault,Save Fault,Save Fault,Save Fault,Gear State,vehicle speed,
2875,63.0,-10.9,177,13.4,13.69,-28.1,-3.9,1,21.2,3.23,1412,56,-5,0,96,136,13.80,102.3,Dash,0,0,0,0,0,0,0,0,0,0,
RPM,MAP,Vacuum,Coolant Temp,AFR,Target AFR,AFR Trim %,AFR Learn %,Fan,TPS,Fuel PW,Target RPM,IAC Steps,Idle PID,Pump PWM,Air Temp,Cylinder Temp,Battery,BARO,Run State,Fault,Fault,Fault,Fault,Save Fault,Save Fault,Save Fault,Save Fault,Gear State,vehicle speed,
2892,63.8,-10.7,177,13.7,13.68,-25.8,-3.9,1,21.2,3.38,1412,57,-5,0,96,136,13.80,102.3,Dash,0,0,0,0,0,0,0,0,0,0,
RPM,MAP,Vacuum,Coolant Temp,AFR,Target AFR,AFR Trim %,AFR Learn %,Fan,TPS,Fuel PW,Target RPM,IAC Steps,Idle PID,Pump PWM,Air Temp,Cylinder Temp,Battery,BARO,Run State,Fault,Fault,Fault,Fault,Save Fault,Save Fault,Save Fault,Save Fault,Gear State,vehicle speed,
2938,63.3,-10.8,177,13.8,13.69,-25.0,-4.7,1,21.2,3.35,1412,58,-5,0,96,136,13.80,102.3,Dash,0,0,0,0,0,0,0,0,0,0,
RPM,MAP,Vacuum,Coolant Temp,AFR,Target AFR,AFR Trim %,AFR Learn %,Fan,TPS,Fuel PW,Target RPM,IAC Steps,Idle PID,Pump PWM,Air Temp,Cylinder Temp,Battery,BARO,Run State,Fault,Fault,Fault,Fault,Save Fault,Save Fault,Save Fault,Save Fault,Gear State,vehicle speed,
2984,62.5,-11.1,177,13.8,13.72,-25.0,-5.5,1,21.2,3.32,1412,58,-5,0,96,136,13.80,102.3,Dash,0,0,0,0,0,0,0,0,0,0,
RPM,MAP,Vacuum,Coolant Temp,AFR,Target AFR,AFR Trim %,AFR Learn %,Fan,TPS,Fuel PW,Target RPM,IAC Steps,Idle PID,Pump PWM,Air Temp,Cylinder Temp,Battery,BARO,Run State,Fault,Fault,Fault,Fault,Save Fault,Save Fault,Save Fault,Save Fault,Gear State,vehicle speed,
2978,62.3,-11.1,179,13.8,13.73,-24.2,-6.3,1,21.2,3.29,1412,58,-5,0,96,136,13.90,102.0,Dash,0,0,0,0,0,0,0,0,0,0,
RPM,MAP,Vacuum,Coolant Temp,AFR,Target AFR,AFR Trim %,AFR Learn %,Fan,TPS,Fuel PW,Target RPM,IAC Steps,Idle PID,Pump PWM,Air Temp,Cylinder Temp,Battery,BARO,Run State,Fault,Fault,Fault,Fault,Save Fault,Save Fault,Save Fault,Save Fault,Gear State,vehicle speed,
3037,61.3,-11.4,179,13.9,13.75,-23.4,-6.3,1,21.2,3.26,1412,58,-5,0,96,136,13.90,102.3,Dash,0,0,0,0,0,0,0,0,0,0,
RPM,MAP,Vacuum,Coolant Temp,AFR,Target AFR,AFR Trim %,AFR Learn %,Fan,TPS,Fuel PW,Target RPM,IAC Steps,Idle PID,Pump PWM,Air Temp,Cylinder Temp,Battery,BARO,Run State,Fault,Fault,Fault,Fault,Save Fault,Save Fault,Save Fault,Save Fault,Gear State,vehicle speed,
3083,61.0,-11.5,179,13.9,13.81,-23.4,-6.3,1,21.2,3.22,1412,58,-5,0,96,136,13.90,102.3,Dash,0,0,0,0,0,0,0,0,0,0,
RPM,MAP,Vacuum,Coolant Temp,AFR,Target AFR,AFR Trim %,AFR Learn %,Fan,TPS,Fuel PW,Target RPM,IAC Steps,Idle PID,Pump PWM,Air Temp,Cylinder Temp,Battery,BARO,Run State,Fault,Fault,Fault,Fault,Save Fault,Save Fault,Save Fault,Save Fault,Gear State,vehicle speed,
3092,59.5,-11.9,179,14.0,13.80,-22.7,-6.3,1,20.7,3.20,1412,58,-5,0,96,136,13.90,102.3,Dash,0,0,0,0,0,0,0,0,0,0,
RPM,MAP,Vacuum,Coolant Temp,AFR,Target AFR,AFR Trim %,AFR Learn %,Fan,TPS,Fuel PW,Target RPM,IAC Steps,Idle PID,Pump PWM,Air Temp,Cylinder Temp,Battery,BARO,Run State,Fault,Fault,Fault,Fault,Save Fault,Save Fault,Save Fault,Save Fault,Gear State,vehicle speed,
3107,56.3,-12.9,179,14.1,13.91,-21.9,-7.0,1,18.7,2.85,1412,58,-5,0,96,136,13.90,102.3,Dash,0,0,0,0,0,0,0,0,0,0,
RPM,MAP,Vacuum,Coolant Temp,AFR,Target AFR,AFR Trim %,AFR Learn %,Fan,TPS,Fuel PW,Target RPM,IAC Steps,Idle PID,Pump PWM,Air Temp,Cylinder Temp,Battery,BARO,Run State,Fault,Fault,Fault,Fault,Save Fault,Save Fault,Save Fault,Save Fault,Gear State,vehicle speed,
3128,51.3,-14.4,179,14.2,14.12,-21.1,-7.0,1,17.7,2.65,1412,58,-5,0,95,136,13.80,102.3,Dash,0,0,0,0,0,0,0,0,0,0,
RPM,MAP,Vacuum,Coolant Temp,AFR,Target AFR,AFR Trim %,AFR Learn %,Fan,TPS,Fuel PW,Target RPM,IAC Steps,Idle PID,Pump PWM,Air Temp,Cylinder Temp,Battery,BARO,Run State,Fault,Fault,Fault,Fault,Save Fault,Save Fault,Save Fault,Save Fault,Gear State,vehicle speed,
3164,51.0,-14.5,179,14.6,14.11,-20.3,-7.8,1,17.7,2.75,1412,57,-5,0,95,136,13.90,102.3,Dash,0,0,0,0,0,0,0,0,0,0,
RPM,MAP,Vacuum,Coolant Temp,AFR,Target AFR,AFR Trim %,AFR Learn %,Fan,TPS,Fuel PW,Target RPM,IAC Steps,Idle PID,Pump PWM,Air Temp,Cylinder Temp,Battery,BARO,Run State,Fault,Fault,Fault,Fault,Save Fault,Save Fault,Save Fault,Save Fault,Gear State,vehicle speed,
3159,50.8,-14.5,179,15.0,14.11,-18.8,-7.8,1,17.7,2.81,1412,58,-5,0,95,136,13.80,102.3,Dash,0,0,0,0,0,0,0,0,0,0,
RPM,MAP,Vacuum,Coolant Temp,AFR,Target AFR,AFR Trim %,AFR Learn %,Fan,TPS,Fuel PW,Target RPM,IAC Steps,Idle PID,Pump PWM,Air Temp,Cylinder Temp,Battery,BARO,Run State,Fault,Fault,Fault,Fault,Save Fault,Save Fault,Save Fault,Save Fault,Gear State,vehicle speed,
3077,50.5,-14.6,179,14.9,14.13,-17.2,-8.6,1,17.7,2.79,1412,57,-5,0,95,136,13.90,102.3,Dash,0,0,0,0,0,0,0,0,0,0,
RPM,MAP,Vacuum,Coolant Temp,AFR,Target AFR,AFR Trim %,AFR Learn %,Fan,TPS,Fuel PW,Target RPM,IAC Steps,Idle PID,Pump PWM,Air Temp,Cylinder Temp,Battery,BARO,Run State,Fault,Fault,Fault,Fault,Save Fault,Save Fault,Save Fault,Save Fault,Gear State,vehicle speed,
1546,50.3,-14.7,179,15.1,13.82,-15.6,-10.2,1,17.7,2.78,1412,58,-5,0,95,136,13.90,102.3,Dash,0,0,0,0,0,0,0,0,0,0,
RPM,MAP,Vacuum,Coolant Temp,AFR,Target AFR,AFR Trim %,AFR Learn %,Fan,TPS,Fuel PW,Target RPM,IAC Steps,Idle PID,Pump PWM,Air Temp,Cylinder Temp,Battery,BARO,Run State,Fault,Fault,Fault,Fault,Save Fault,Save Fault,Save Fault,Save Fault,Gear State,vehicle speed,
3205,56.8,-12.7,179,15.3,13.90,-13.3,-8.6,1,20.2,3.30,1412,58,-5,0,95,136,13.90,102.3,Dash,0,0,0,0,0,0,0,0,0,0,
RPM,MAP,Vacuum,Coolant Temp,AFR,Target AFR,AFR Trim %,AFR Learn %,Fan,TPS,Fuel PW,Target RPM,IAC Steps,Idle PID,Pump PWM,Air Temp,Cylinder Temp,Battery,BARO,Run State,Fault,Fault,Fault,Fault,Save Fault,Save Fault,Save Fault,Save Fault,Gear State,vehicle speed,
1860,65.8,-10.1,179,14.5,13.58,0.8,-3.9,1,23.7,4.13,1412,58,-5,0,95,136,13.90,102.3,Dash,0,0,0,0,0,0,0,0,0,0,
RPM,MAP,Vacuum,Coolant Temp,AFR,Target AFR,AFR Trim %,AFR Learn %,Fan,TPS,Fuel PW,Target RPM,IAC Steps,Idle PID,Pump PWM,Air Temp,Cylinder Temp,Battery,BARO,Run State,Fault,Fault,Fault,Fault,Save Fault,Save Fault,Save Fault,Save Fault,Gear State,vehicle speed,
3230,66.5,-9.9,179,13.2,13.53,-0.8,-6.3,1,23.7,4.58,1412,58,-5,0,95,136,13.80,102.3,Dash,0,0,0,0,0,0,0,0,0,0,
RPM,MAP,Vacuum,Coolant Temp,AFR,Target AFR,AFR Trim %,AFR Learn %,Fan,TPS,Fuel PW,Target RPM,IAC Steps,Idle PID,Pump PWM,Air Temp,Cylinder Temp,Battery,BARO,Run State,Fault,Fault,Fault,Fault,Save Fault,Save Fault,Save Fault,Save Fault,Gear State,vehicle speed,
3267,65.3,-10.3,179,12.7,13.54,0.0,-6.3,1,23.7,4.52,1412,58,-5,0,95,136,13.80,102.3,Dash,0,0,0,0,0,0,0,0,0,0,
RPM,MAP,Vacuum,Coolant Temp,AFR,Target AFR,AFR Trim %,AFR Learn %,Fan,TPS,Fuel PW,Target RPM,IAC Steps,Idle PID,Pump PWM,Air Temp,Cylinder Temp,Battery,BARO,Run State,Fault,Fault,Fault,Fault,Save Fault,Save Fault,Save Fault,Save Fault,Gear State,vehicle speed,
3101,65.0,-10.3,179,12.9,13.49,-1.6,-7.8,1,23.7,4.33,1412,58,-5,0,95,136,13.80,102.3,Dash,0,0,0,0,0,0,0,0,0,0,
RPM,MAP,Vacuum,Coolant Temp,AFR,Target AFR,AFR Trim %,AFR Learn %,Fan,TPS,Fuel PW,Target RPM,IAC Steps,Idle PID,Pump PWM,Air Temp,Cylinder Temp,Battery,BARO,Run State,Fault,Fault,Fault,Fault,Save Fault,Save Fault,Save Fault,Save Fault,Gear State,vehicle speed,
3433,64.3,-10.6,179,13.5,13.61,0.8,-3.9,1,23.7,4.67,1412,58,-5,0,95,136,13.80,102.3,Dash,0,0,0,0,0,0,0,0,0,0,
RPM,MAP,Vacuum,Coolant Temp,AFR,Target AFR,AFR Trim %,AFR Learn %,Fan,TPS,Fuel PW,Target RPM,IAC Steps,Idle PID,Pump PWM,Air Temp,Cylinder Temp,Battery,BARO,Run State,Fault,Fault,Fault,Fault,Save Fault,Save Fault,Save Fault,Save Fault,Gear State,vehicle speed,
2619,52.0,-14.2,179,13.9,13.80,1.6,-7.8,1,15.7,0.52,1412,57,-5,0,95,136,13.90,102.3,Dash,0,0,0,0,0,0,0,0,0,0,
RPM,MAP,Vacuum,Coolant Temp,AFR,Target AFR,AFR Trim %,AFR Learn %,Fan,TPS,Fuel PW,Target RPM,IAC Steps,Idle PID,Pump PWM,Air Temp,Cylinder Temp,Battery,BARO,Run State,Fault,Fault,Fault,Fault,Save Fault,Save Fault,Save Fault,Save Fault,Gear State,vehicle speed,
3017,24.5,-22.3,179,13.8,13.90,0.0,0.0,1,0.5,4.02,1092,56,-5,0,95,136,13.90,102.3,Tail,0,0,0,0,0,0,0,0,0,0,
RPM,MAP,Vacuum,Coolant Temp,AFR,Target AFR,AFR Trim %,AFR Learn %,Fan,TPS,Fuel PW,Target RPM,IAC Steps,Idle PID,Pump PWM,Air Temp,Cylinder Temp,Battery,BARO,Run State,Fault,Fault,Fault,Fault,Save Fault,Save Fault,Save Fault,Save Fault,Gear State,vehicle speed,
2651,28.3,-21.2,179,13.7,13.90,-0.8,-0.8,1,0.0,3.34,1092,48,-14,0,95,136,13.80,102.3,Tail,53,0,0,0,0,0,0,0,0,0,
RPM,MAP,Vacuum,Coolant Temp,AFR,Target AFR,AFR Trim %,AFR Learn %,Fan,TPS,Fuel PW,Target RPM,IAC Steps,Idle PID,Pump PWM,Air Temp,Cylinder Temp,Battery,BARO,Run State,Fault,Fault,Fault,Fault,Save Fault,Save Fault,Save Fault,Save Fault,Gear State,vehicle speed,
2268,30.0,-20.7,179,13.9,13.90,0.0,-1.6,1,0.0,3.51,1092,40,-18,0,95,138,13.90,102.3,Tail,53,0,0,0,0,0,0,0,0,0,
RPM,MAP,Vacuum,Coolant Temp,AFR,Target AFR,AFR Trim %,AFR Learn %,Fan,TPS,Fuel PW,Target RPM,IAC Steps,Idle PID,Pump PWM,Air Temp,Cylinder Temp,Battery,BARO,Run State,Fault,Fault,Fault,Fault,Save Fault,Save Fault,Save Fault,Save Fault,Gear State,vehicle speed,
1933,31.3,-20.3,181,13.9,13.90,0.0,-3.1,1,0.0,3.24,1092,31,-24,0,93,138,13.90,102.3,Tail,53,0,0,0,0,0,0,0,0,0,
RPM,MAP,Vacuum,Coolant Temp,AFR,Target AFR,AFR Trim %,AFR Learn %,Fan,TPS,Fuel PW,Target RPM,IAC Steps,Idle PID,Pump PWM,Air Temp,Cylinder Temp,Battery,BARO,Run State,Fault,Fault,Fault,Fault,Save Fault,Save Fault,Save Fault,Save Fault,Gear State,vehicle speed,
1708,34.0,-19.5,181,13.1,13.90,-3.1,-3.9,1,0.5,3.18,1092,25,-28,0,93,138,13.90,102.3,Tail,53,0,0,0,0,0,0,0,0,0,
RPM,MAP,Vacuum,Coolant Temp,AFR,Target AFR,AFR Trim %,AFR Learn %,Fan,TPS,Fuel PW,Target RPM,IAC Steps,Idle PID,Pump PWM,Air Temp,Cylinder Temp,Battery,BARO,Run State,Fault,Fault,Fault,Fault,Save Fault,Save Fault,Save Fault,Save Fault,Gear State,vehicle speed,
1717,34.3,-19.5,181,12.3,13.90,-5.5,-3.9,1,0.5,3.14,1092,20,-31,0,93,138,13.90,102.3,Tail,53,0,0,0,0,0,0,0,0,0,
RPM,MAP,Vacuum,Coolant Temp,AFR,Target AFR,AFR Trim %,AFR Learn %,Fan,TPS,Fuel PW,Target RPM,IAC Steps,Idle PID,Pump PWM,Air Temp,Cylinder Temp,Battery,BARO,Run State,Fault,Fault,Fault,Fault,Save Fault,Save Fault,Save Fault,Save Fault,Gear State,vehicle speed,
1647,33.0,-19.8,181,12.0,13.90,-6.3,-3.9,1,0.5,2.94,1092,16,-34,0,93,138,13.90,102.3,Tail,53,0,0,0,0,0,0,0,0,0,
RPM,MAP,Vacuum,Coolant Temp,AFR,Target AFR,AFR Trim %,AFR Learn %,Fan,TPS,Fuel PW,Target RPM,IAC Steps,Idle PID,Pump PWM,Air Temp,Cylinder Temp,Battery,BARO,Run State,Fault,Fault,Fault,Fault,Save Fault,Save Fault,Save Fault,Save Fault,Gear State,vehicle speed,
1680,33.5,-19.7,181,11.9,13.90,-8.6,-3.9,1,1.0,2.93,1092,11,-37,0,93,138,13.90,102.3,Tail,53,0,0,0,0,0,0,0,0,0,
RPM,MAP,Vacuum,Coolant Temp,AFR,Target AFR,AFR Trim %,AFR Learn %,Fan,TPS,Fuel PW,Target RPM,IAC Steps,Idle PID,Pump PWM,Air Temp,Cylinder Temp,Battery,BARO,Run State,Fault,Fault,Fault,Fault,Save Fault,Save Fault,Save Fault,Save Fault,Gear State,vehicle speed,
1662,32.5,-20.0,181,11.9,13.90,-10.2,-3.1,1,1.0,2.83,1092,6,-40,0,93,140,13.90,102.3,Tail,53,0,0,0,0,0,0,0,0,0,
RPM,MAP,Vacuum,Coolant Temp,AFR,Target AFR,AFR Trim %,AFR Learn %,Fan,TPS,Fuel PW,Target RPM,IAC Steps,Idle PID,Pump PWM,Air Temp,Cylinder Temp,Battery,BARO,Run State,Fault,Fault,Fault,Fault,Save Fault,Save Fault,Save Fault,Save Fault,Gear State,vehicle speed,
1681,46.3,-15.8,181,12.0,13.98,-12.5,-8.6,1,8.6,2.27,1092,13,-40,0,93,140,13.90,102.3,Dash,53,0,0,0,0,0,0,0,0,0,
RPM,MAP,Vacuum,Coolant Temp,AFR,Target AFR,AFR Trim %,AFR Learn %,Fan,TPS,Fuel PW,Target RPM,IAC Steps,Idle PID,Pump PWM,Air Temp,Cylinder Temp,Battery,BARO,Run State,Fault,Fault,Fault,Fault,Save Fault,Save Fault,Save Fault,Save Fault,Gear State,vehicle speed,
1629,50.0,-14.8,181,12.0,13.83,-1.6,-8.6,1,8.6,2.51,1092,14,-40,0,93,140,13.90,102.3,Dash,53,0,0,0,0,0,0,0,0,0,
RPM,MAP,Vacuum,Coolant Temp,AFR,Target AFR,AFR Trim %,AFR Learn %,Fan,TPS,Fuel PW,Target RPM,IAC Steps,Idle PID,Pump PWM,Air Temp,Cylinder Temp,Battery,BARO,Run State,Fault,Fault,Fault,Fault,Save Fault,Save Fault,Save Fault,Save Fault,Gear State,vehicle speed,
1644,50.0,-14.8,181,13.0,13.84,-2.3,-8.6,1,8.6,2.49,1092,14,-40,0,93,140,13.90,102.3,Dash,53,0,0,0,0,0,0,0,0,0,
RPM,MAP,Vacuum,Coolant Temp,AFR,Target AFR,AFR Trim %,AFR Learn %,Fan,TPS,Fuel PW,Target RPM,IAC Steps,Idle PID,Pump PWM,Air Temp,Cylinder Temp,Battery,BARO,Run State,Fault,Fault,Fault,Fault,Save Fault,Save Fault,Save Fault,Save Fault,Gear State,vehicle speed,
1634,50.3,-14.7,181,13.6,13.85,-1.6,-9.4,1,8.6,2.47,1092,14,-40,0,93,140,13.90,102.3,Dash,53,0,0,0,0,0,0,0,0,0,
RPM,MAP,Vacuum,Coolant Temp,AFR,Target AFR,AFR Trim %,AFR Learn %,Fan,TPS,Fuel PW,Target RPM,IAC Steps,Idle PID,Pump PWM,Air Temp,Cylinder Temp,Battery,BARO,Run State,Fault,Fault,Fault,Fault,Save Fault,Save Fault,Save Fault,Save Fault,Gear State,vehicle speed,
1641,50.5,-14.5,181,13.8,13.84,-0.8,-8.6,1,8.6,2.53,1092,14,-40,0,93,140,13.90,102.0,Dash,53,0,0,0,0,0,0,0,0,0,
RPM,MAP,Vacuum,Coolant Temp,AFR,Target AFR,AFR Trim %,AFR Learn %,Fan,TPS,Fuel PW,Target RPM,IAC Steps,Idle PID,Pump PWM,Air Temp,Cylinder Temp,Battery,BARO,Run State,Fault,Fault,Fault,Fault,Save Fault,Save Fault,Save Fault,Save Fault,Gear State,vehicle speed,
1612,50.8,-14.5,181,13.7,13.83,-3.1,-9.4,1,8.6,2.46,1092,14,-40,0,93,140,13.90,102.3,Dash,53,0,0,0,0,0,0,0,0,0,
RPM,MAP,Vacuum,Coolant Temp,AFR,Target AFR,AFR Trim %,AFR Learn %,Fan,TPS,Fuel PW,Target RPM,IAC Steps,Idle PID,Pump PWM,Air Temp,Cylinder Temp,Battery,BARO,Run State,Fault,Fault,Fault,Fault,Save Fault,Save Fault,Save Fault,Save Fault,Gear State,vehicle speed,
1603,50.8,-14.5,181,13.7,13.81,-3.1,-9.4,1,8.6,2.45,1092,14,-40,0,93,140,13.90,102.3,Dash,53,0,0,0,0,0,0,0,0,0,
RPM,MAP,Vacuum,Coolant Temp,AFR,Target AFR,AFR Trim %,AFR Learn %,Fan,TPS,Fuel PW,Target RPM,IAC Steps,Idle PID,Pump PWM,Air Temp,Cylinder Temp,Battery,BARO,Run State,Fault,Fault,Fault,Fault,Save Fault,Save Fault,Save Fault,Save Fault,Gear State,vehicle speed,
1625,50.3,-14.7,181,13.8,13.82,-2.3,-10.2,1,8.6,2.44,1092,14,-40,0,93,140,13.90,102.3,Dash,53,0,0,0,0,0,0,0,0,0,
RPM,MAP,Vacuum,Coolant Temp,AFR,Target AFR,AFR Trim %,AFR Learn %,Fan,TPS,Fuel PW,Target RPM,IAC Steps,Idle PID,Pump PWM,Air Temp,Cylinder Temp,Battery,BARO,Run State,Fault,Fault,Fault,Fault,Save Fault,Save Fault,Save Fault,Save Fault,Gear State,vehicle speed,
1623,50.3,-14.7,181,13.9,13.82,-3.1,-10.2,1,8.6,2.43,1092,14,-40,0,93,140,13.90,102.3,Dash,53,0,0,0,0,0,0,0,0,0,
RPM,MAP,Vacuum,Coolant Temp,AFR,Target AFR,AFR Trim %,AFR Learn %,Fan,TPS,Fuel PW,Target RPM,IAC Steps,Idle PID,Pump PWM,Air Temp,Cylinder Temp,Battery,BARO,Run State,Fault,Fault,Fault,Fault,Save Fault,Save Fault,Save Fault,Save Fault,Gear State,vehicle speed,
1636,50.8,-14.5,181,14.0,13.83,-2.3,-10.2,1,8.6,2.47,1092,14,-40,0,93,140,13.90,102.3,Dash,53,0,0,0,0,0,0,0,0,0,
RPM,MAP,Vacuum,Coolant Temp,AFR,Target AFR,AFR Trim %,AFR Learn %,Fan,TPS,Fuel PW,Target RPM,IAC Steps,Idle PID,Pump PWM,Air Temp,Cylinder Temp,Battery,BARO,Run State,Fault,Fault,Fault,Fault,Save Fault,Save Fault,Save Fault,Save Fault,Gear State,vehicle speed,
1619,51.0,-14.5,181,14.2,13.81,-2.3,-10.2,1,8.6,2.49,1092,14,-40,0,91,140,13.90,102.3,Dash,53,0,0,0,0,0,0,0,0,0,
RPM,MAP,Vacuum,Coolant Temp,AFR,Target AFR,AFR Trim %,AFR Learn %,Fan,TPS,Fuel PW,Target RPM,IAC Steps,Idle PID,Pump PWM,Air Temp,Cylinder Temp,Battery,BARO,Run State,Fault,Fault,Fault,Fault,Save Fault,Save Fault,Save Fault,Save Fault,Gear State,vehicle speed,
1587,51.5,-14.3,181,14.0,13.80,-1.6,-10.2,1,8.6,2.51,1092,14,-40,0,91,140,14.00,102.3,Dash,0,0,0,0,0,0,0,0,0,0,
RPM,MAP,Vacuum,Coolant Temp,AFR,Target AFR,AFR Trim %,AFR Learn %,Fan,TPS,Fuel PW,Target RPM,IAC Steps,Idle PID,Pump PWM,Air Temp,Cylinder Temp,Battery,BARO,Run State,Fault,Fault,Fault,Fault,Save Fault,Save Fault,Save Fault,Save Fault,Gear State,vehicle speed,
1580,51.5,-14.3,181,14.0,13.79,-0.8,-10.9,1,9.1,2.47,1092,14,-40,0,91,140,13.90,102.3,Dash,0,0,0,0,0,0,0,0,0,0,
RPM,MAP,Vacuum,Coolant Temp,AFR,Target AFR,AFR Trim %,AFR Learn %,Fan,TPS,Fuel PW,Target RPM,IAC Steps,Idle PID,Pump PWM,Air Temp,Cylinder Temp,Battery,BARO,Run State,Fault,Fault,Fault,Fault,Save Fault,Save Fault,Save Fault,Save Fault,Gear State,vehicle speed,
1604,59.0,-12.1,181,14.0,13.60,-0.8,-7.8,1,12.1,3.08,1092,14,-40,0,91,140,13.90,102.3,Dash,0,0,0,0,0,0,0,0,0,0,
RPM,MAP,Vacuum,Coolant Temp,AFR,Target AFR,AFR Trim %,AFR Learn %,Fan,TPS,Fuel PW,Target RPM,IAC Steps,Idle PID,Pump PWM,Air Temp,Cylinder Temp,Battery,BARO,Run State,Fault,Fault,Fault,Fault,Save Fault,Save Fault,Save Fault,Save Fault,Gear State,vehicle speed,
1626,62.0,-11.2,181,14.2,13.48,0.8,-6.3,1,12.6,3.24,1092,14,-40,0,91,140,13.90,102.3,Dash,0,0,0,0,0,0,0,0,0,0,
RPM,MAP,Vacuum,Coolant Temp,AFR,Target AFR,AFR Trim %,AFR Learn %,Fan,TPS,Fuel PW,Target RPM,IAC Steps,Idle PID,Pump PWM,Air Temp,Cylinder Temp,Battery,BARO,Run State,Fault,Fault,Fault,Fault,Save Fault,Save Fault,Save Fault,Save Fault,Gear State,vehicle speed,
1607,62.5,-11.1,181,14.2,13.47,1.6,-6.3,1,12.6,3.30,1092,14,-40,0,91,140,13.90,102.3,Dash,0,0,0,0,0,0,0,0,0,0,
RPM,MAP,Vacuum,Coolant Temp,AFR,Target AFR,AFR Trim %,AFR Learn %,Fan,TPS,Fuel PW,Target RPM,IAC Steps,Idle PID,Pump PWM,Air Temp,Cylinder Temp,Battery,BARO,Run State,Fault,Fault,Fault,Fault,Save Fault,Save Fault,Save Fault,Save Fault,Gear State,vehicle speed,
1617,62.5,-11.1,181,13.5,13.47,-1.6,-6.3,1,13.1,3.20,1092,14,-40,0,91,140,13.90,102.3,Dash,0,0,0,0,0,0,0,0,0,0,
RPM,MAP,Vacuum,Coolant Temp,AFR,Target AFR,AFR Trim %,AFR Learn %,Fan,TPS,Fuel PW,Target RPM,IAC Steps,Idle PID,Pump PWM,Air Temp,Cylinder Temp,Battery,BARO,Run State,Fault,Fault,Fault,Fault,Save Fault,Save Fault,Save Fault,Save Fault,Gear State,vehicle speed,
1629,63.0,-10.9,181,13.3,13.46,-2.3,-6.3,1,13.1,3.23,1092,14,-40,0,91,140,13.90,102.3,Dash,0,0,0,0,0,0,0,0,0,0,
RPM,MAP,Vacuum,Coolant Temp,AFR,Target AFR,AFR Trim %,AFR Learn %,Fan,TPS,Fuel PW,Target RPM,IAC Steps,Idle PID,Pump PWM,Air Temp,Cylinder Temp,Battery,BARO,Run State,Fault,Fault,Fault,Fault,Save Fault,Save Fault,Save Fault,Save Fault,Gear State,vehicle speed,
1616,63.3,-10.8,181,13.2,13.46,-3.1,-6.3,1,13.1,3.21,1092,14,-40,0,91,140,13.90,102.3,Dash,0,0,0,0,0,0,0,0,0,0,
RPM,MAP,Vacuum,Coolant Temp,AFR,Target AFR,AFR Trim %,AFR Learn %,Fan,TPS,Fuel PW,Target RPM,IAC Steps,Idle PID,Pump PWM,Air Temp,Cylinder Temp,Battery,BARO,Run State,Fault,Fault,Fault,Fault,Save Fault,Save Fault,Save Fault,Save Fault,Gear State,vehicle speed,
1612,63.0,-10.9,181,13.2,13.46,-3.1,-6.3,1,13.1,3.19,1092,14,-40,0,91,140,14.00,102.3,Dash,0,0,0,0,0,0,0,0,0,0,
RPM,MAP,Vacuum,Coolant Temp,AFR,Target AFR,AFR Trim %,AFR Learn %,Fan,TPS,Fuel PW,Target RPM,IAC Steps,Idle PID,Pump PWM,Air Temp,Cylinder Temp,Battery,BARO,Run State,Fault,Fault,Fault,Fault,Save Fault,Save Fault,Save Fault,Save Fault,Gear State,vehicle speed,
1603,62.5,-11.0,181,13.2,13.46,-3.9,-6.3,1,13.1,3.14,1092,14,-40,0,91,140,14.00,102.0,Dash,0,0,0,0,0,0,0,0,0,0,
RPM,MAP,Vacuum,Coolant Temp,AFR,Target AFR,AFR Trim %,AFR Learn %,Fan,TPS,Fuel PW,Target RPM,IAC Steps,Idle PID,Pump PWM,Air Temp,Cylinder Temp,Battery,BARO,Run State,Fault,Fault,Fault,Fault,Save Fault,Save Fault,Save Fault,Save Fault,Gear State,vehicle speed,
1645,62.0,-11.1,181,13.4,13.49,-1.6,-6.3,1,13.1,3.21,1092,14,-40,0,91,140,13.80,102.0,Dash,0,0,0,0,0,0,0,0,0,0,
RPM,MAP,Vacuum,Coolant Temp,AFR,Target AFR,AFR Trim %,AFR Learn %,Fan,TPS,Fuel PW,Target RPM,IAC Steps,Idle PID,Pump PWM,Air Temp,Cylinder Temp,Battery,BARO,Run State,Fault,Fault,Fault,Fault,Save Fault,Save Fault,Save Fault,Save Fault,Gear State,vehicle speed,
1639,62.3,-11.1,181,13.3,13.49,-3.9,-7.0,1,13.1,3.11,1092,14,-40,0,91,140,13.90,102.3,Dash,0,0,0,0,0,0,0,0,0,0,
RPM,MAP,Vacuum,Coolant Temp,AFR,Target AFR,AFR Trim %,AFR Learn %,Fan,TPS,Fuel PW,Target RPM,IAC Steps,Idle PID,Pump PWM,Air Temp,Cylinder Temp,Battery,BARO,Run State,Fault,Fault,Fault,Fault,Save Fault,Save Fault,Save Fault,Save Fault,Gear State,vehicle speed,
1648,62.3,-11.1,181,13.2,13.49,-4.7,-7.0,1,13.1,3.11,1092,14,-40,0,91,140,13.90,102.3,Dash,0,0,0,0,0,0,0,0,0,0,
RPM,MAP,Vacuum,Coolant Temp,AFR,Target AFR,AFR Trim %,AFR Learn %,Fan,TPS,Fuel PW,Target RPM,IAC Steps,Idle PID,Pump PWM,Air Temp,Cylinder Temp,Battery,BARO,Run State,Fault,Fault,Fault,Fault,Save Fault,Save Fault,Save Fault,Save Fault,Gear State,vehicle speed,
1624,62.8,-11.0,181,13.3,13.47,-4.7,-7.0,1,13.1,3.13,1092,14,-40,0,91,140,13.90,102.3,Dash,0,0,0,0,0,0,0,0,0,0,
RPM,MAP,Vacuum,Coolant Temp,AFR,Target AFR,AFR Trim %,AFR Learn %,Fan,TPS,Fuel PW,Target RPM,IAC Steps,Idle PID,Pump PWM,Air Temp,Cylinder Temp,Battery,BARO,Run State,Fault,Fault,Fault,Fault,Save Fault,Save Fault,Save Fault,Save Fault,Gear State,vehicle speed,
1616,62.0,-11.1,179,13.5,13.49,-3.1,-7.0,1,13.1,3.11,1092,15,-40,0,91,138,13.90,102.0,Dash,0,0,0,0,0,0,0,0,0,0,
RPM,MAP,Vacuum,Coolant Temp,AFR,Target AFR,AFR Trim %,AFR Learn %,Fan,TPS,Fuel PW,Target RPM,IAC Steps,Idle PID,Pump PWM,Air Temp,Cylinder Temp,Battery,BARO,Run State,Fault,Fault,Fault,Fault,Save Fault,Save Fault,Save Fault,Save Fault,Gear State,vehicle speed,
1645,62.0,-11.2,179,13.5,13.49,-3.1,-7.8,1,13.1,3.13,1092,15,-40,0,91,138,13.90,102.3,Dash,0,0,0,0,0,0,0,0,0,0,
RPM,MAP,Vacuum,Coolant Temp,AFR,Target AFR,AFR Trim %,AFR Learn %,Fan,TPS,Fuel PW,Target RPM,IAC Steps,Idle PID,Pump PWM,Air Temp,Cylinder Temp,Battery,BARO,Run State,Fault,Fault,Fault,Fault,Save Fault,Save Fault,Save Fault,Save Fault,Gear State,vehicle speed,
1648,62.3,-11.1,179,13.4,13.49,-4.7,-7.8,1,13.1,3.09,1092,15,-40,0,91,138,13.90,102.0,Dash,0,0,0,0,0,0,0,0,0,0,
RPM,MAP,Vacuum,Coolant Temp,AFR,Target AFR,AFR Trim %,AFR Learn %,Fan,TPS,Fuel PW,Target RPM,IAC Steps,Idle PID,Pump PWM,Air Temp,Cylinder Temp,Battery,BARO,Run State,Fault,Fault,Fault,Fault,Save Fault,Save Fault,Save Fault,Save Fault,Gear State,vehicle speed,
1653,62.3,-11.1,179,13.4,13.49,-3.9,-7.8,1,13.1,3.10,1092,15,-40,0,91,138,13.90,102.0,Dash,0,0,0,0,0,0,0,0,0,0,
RPM,MAP,Vacuum,Coolant Temp,AFR,Target AFR,AFR Trim %,AFR Learn %,Fan,TPS,Fuel PW,Target RPM,IAC Steps,Idle PID,Pump PWM,Air Temp,Cylinder Temp,Battery,BARO,Run State,Fault,Fault,Fault,Fault,Save Fault,Save Fault,Save Fault,Save Fault,Gear State,vehicle speed,
1631,61.8,-11.3,179,13.5,13.49,-3.9,-7.8,1,12.6,3.07,1092,15,-40,0,91,138,13.90,102.3,Dash,0,0,0,0,0,0,0,0,0,0,
RPM,MAP,Vacuum,Coolant Temp,AFR,Target AFR,AFR Trim %,AFR Learn %,Fan,TPS,Fuel PW,Target RPM,IAC Steps,Idle PID,Pump PWM,Air Temp,Cylinder Temp,Battery,BARO,Run State,Fault,Fault,Fault,Fault,Save Fault,Save Fault,Save Fault,Save Fault,Gear State,vehicle speed,
1668,61.3,-11.4,179,13.5,13.51,-4.7,-8.6,1,12.6,3.01,1092,15,-40,0,91,138,13.90,102.3,Dash,0,0,0,0,0,0,0,0,0,0,
RPM,MAP,Vacuum,Coolant Temp,AFR,Target AFR,AFR Trim %,AFR Learn %,Fan,TPS,Fuel PW,Target RPM,IAC Steps,Idle PID,Pump PWM,Air Temp,Cylinder Temp,Battery,BARO,Run State,Fault,Fault,Fault,Fault,Save Fault,Save Fault,Save Fault,Save Fault,Gear State,vehicle speed,
1692,61.8,-11.3,179,13.5,13.52,-4.7,-8.6,1,12.6,3.06,1092,15,-40,0,91,138,13.90,102.3,Dash,0,0,0,0,0,0,0,0,0,0,
RPM,MAP,Vacuum,Coolant Temp,AFR,Target AFR,AFR Trim %,AFR Learn %,Fan,TPS,Fuel PW,Target RPM,IAC Steps,Idle PID,Pump PWM,Air Temp,Cylinder Temp,Battery,BARO,Run State,Fault,Fault,Fault,Fault,Save Fault,Save Fault,Save Fault,Save Fault,Gear State,vehicle speed,
1653,61.8,-11.3,179,13.6,13.50,-3.9,-8.6,1,12.6,3.05,1092,15,-40,0,91,138,13.90,102.3,Dash,0,0,0,0,0,0,0,0,0,0,
RPM,MAP,Vacuum,Coolant Temp,AFR,Target AFR,AFR Trim %,AFR Learn %,Fan,TPS,Fuel PW,Target RPM,IAC Steps,Idle PID,Pump PWM,Air Temp,Cylinder Temp,Battery,BARO,Run State,Fault,Fault,Fault,Fault,Save Fault,Save Fault,Save Fault,Save Fault,Gear State,vehicle speed,
1650,60.8,-11.6,179,13.7,13.53,-3.9,-9.4,1,12.6,2.98,1092,15,-40,0,91,138,13.90,102.3,Dash,0,0,0,0,0,0,0,0,0,0,
RPM,MAP,Vacuum,Coolant Temp,AFR,Target AFR,AFR Trim %,AFR Learn %,Fan,TPS,Fuel PW,Target RPM,IAC Steps,Idle PID,Pump PWM,Air Temp,Cylinder Temp,Battery,BARO,Run State,Fault,Fault,Fault,Fault,Save Fault,Save Fault,Save Fault,Save Fault,Gear State,vehicle speed,
1672,61.0,-11.4,179,13.6,13.53,-3.9,-9.4,1,12.6,3.01,1092,15,-40,0,91,138,13.90,102.0,Dash,0,0,0,0,0,0,0,0,0,0,
RPM,MAP,Vacuum,Coolant Temp,AFR,Target AFR,AFR Trim %,AFR Learn %,Fan,TPS,Fuel PW,Target RPM,IAC Steps,Idle PID,Pump PWM,Air Temp,Cylinder Temp,Battery,BARO,Run State,Fault,Fault,Fault,Fault,Save Fault,Save Fault,Save Fault,Save Fault,Gear State,vehicle speed,
1688,61.0,-11.4,179,13.7,13.53,-3.1,-9.4,1,12.6,3.04,1092,15,-40,0,91,138,13.90,102.0,Dash,0,0,0,0,0,0,0,0,0,0,
RPM,MAP,Vacuum,Coolant Temp,AFR,Target AFR,AFR Trim %,AFR Learn %,Fan,TPS,Fuel PW,Target RPM,IAC Steps,Idle PID,Pump PWM,Air Temp,Cylinder Temp,Battery,BARO,Run State,Fault,Fault,Fault,Fault,Save Fault,Save Fault,Save Fault,Save Fault,Gear State,vehicle speed,
1649,60.0,-11.7,179,13.6,13.55,-3.1,-9.4,1,12.6,2.94,1092,15,-40,0,91,138,13.90,102.0,Dash,0,0,0,0,0,0,0,0,0,0,
RPM,MAP,Vacuum,Coolant Temp,AFR,Target AFR,AFR Trim %,AFR Learn %,Fan,TPS,Fuel PW,Target RPM,IAC Steps,Idle PID,Pump PWM,Air Temp,Cylinder Temp,Battery,BARO,Run State,Fault,Fault,Fault,Fault,Save Fault,Save Fault,Save Fault,Save Fault,Gear State,vehicle speed,
1678,59.3,-12.0,179,13.6,13.58,-3.1,-10.2,1,12.1,2.93,1092,15,-40,0,91,138,13.90,102.3,Dash,0,0,0,0,0,0,0,0,0,0,
RPM,MAP,Vacuum,Coolant Temp,AFR,Target AFR,AFR Trim %,AFR Learn %,Fan,TPS,Fuel PW,Target RPM,IAC Steps,Idle PID,Pump PWM,Air Temp,Cylinder Temp,Battery,BARO,Run State,Fault,Fault,Fault,Fault,Save Fault,Save Fault,Save Fault,Save Fault,Gear State,vehicle speed,
1712,59.3,-11.9,179,13.6,13.58,-3.1,-10.2,1,12.1,2.94,1092,15,-40,0,91,138,13.90,102.0,Dash,0,0,0,0,0,0,0,0,0,0,
RPM,MAP,Vacuum,Coolant Temp,AFR,Target AFR,AFR Trim %,AFR Learn %,Fan,TPS,Fuel PW,Target RPM,IAC Steps,Idle PID,Pump PWM,Air Temp,Cylinder Temp,Battery,BARO,Run State,Fault,Fault,Fault,Fault,Save Fault,Save Fault,Save Fault,Save Fault,Gear State,vehicle speed,
1662,57.8,-12.4,177,13.6,13.61,-2.3,-10.2,1,11.6,2.84,1092,15,-40,0,91,138,13.90,102.3,Dash,0,0,0,0,0,0,0,0,0,0,
RPM,MAP,Vacuum,Coolant Temp,AFR,Target AFR,AFR Trim %,AFR Learn %,Fan,TPS,Fuel PW,Target RPM,IAC Steps,Idle PID,Pump PWM,Air Temp,Cylinder Temp,Battery,BARO,Run State,Fault,Fault,Fault,Fault,Save Fault,Save Fault,Save Fault,Save Fault,Gear State,vehicle speed,
1690,55.5,-13.1,177,13.5,13.68,-4.7,-10.9,1,11.1,2.67,1092,15,-40,0,91,138,13.90,102.0,Dash,0,0,0,0,0,0,0,0,0,0,
RPM,MAP,Vacuum,Coolant Temp,AFR,Target AFR,AFR Trim %,AFR Learn %,Fan,TPS,Fuel PW,Target RPM,IAC Steps,Idle PID,Pump PWM,Air Temp,Cylinder Temp,Battery,BARO,Run State,Fault,Fault,Fault,Fault,Save Fault,Save Fault,Save Fault,Save Fault,Gear State,vehicle speed,
1698,55.3,-13.2,177,13.4,13.71,-5.5,-10.9,1,10.6,2.65,1092,15,-40,0,91,138,13.90,102.3,Dash,0,0,0,0,0,0,0,0,0,0,
RPM,MAP,Vacuum,Coolant Temp,AFR,Target AFR,AFR Trim %,AFR Learn %,Fan,TPS,Fuel PW,Target RPM,IAC Steps,Idle PID,Pump PWM,Air Temp,Cylinder Temp,Battery,BARO,Run State,Fault,Fault,Fault,Fault,Save Fault,Save Fault,Save Fault,Save Fault,Gear State,vehicle speed,
1664,55.0,-13.2,177,13.6,13.71,-4.7,-11.7,1,10.6,2.60,1092,15,-40,0,91,138,13.90,102.0,Dash,0,0,0,0,0,0,0,0,0,0,
RPM,MAP,Vacuum,Coolant Temp,AFR,Target AFR,AFR Trim %,AFR Learn %,Fan,TPS,Fuel PW,Target RPM,IAC Steps,Idle PID,Pump PWM,Air Temp,Cylinder Temp,Battery,BARO,Run State,Fault,Fault,Fault,Fault,Save Fault,Save Fault,Save Fault,Save Fault,Gear State,vehicle speed,
1704,54.3,-13.5,177,13.9,13.73,-3.9,-11.7,1,10.6,2.62,1092,15,-40,0,91,138,13.90,102.3,Dash,0,0,0,0,0,0,0,0,0,0,
RPM,MAP,Vacuum,Coolant Temp,AFR,Target AFR,AFR Trim %,AFR Learn %,Fan,TPS,Fuel PW,Target RPM,IAC Steps,Idle PID,Pump PWM,Air Temp,Cylinder Temp,Battery,BARO,Run State,Fault,Fault,Fault,Fault,Save Fault,Save Fault,Save Fault,Save Fault,Gear State,vehicle speed,
1722,54.0,-13.5,177,14.0,13.75,-3.9,-11.7,1,10.6,2.61,1092,15,-40,0,91,138,13.90,102.0,Dash,0,0,0,0,0,0,0,0,0,0,
RPM,MAP,Vacuum,Coolant Temp,AFR,Target AFR,AFR Trim %,AFR Learn %,Fan,TPS,Fuel PW,Target RPM,IAC Steps,Idle PID,Pump PWM,Air Temp,Cylinder Temp,Battery,BARO,Run State,Fault,Fault,Fault,Fault,Save Fault,Save Fault,Save Fault,Save Fault,Gear State,vehicle speed,
1669,53.8,-13.6,177,14.0,13.74,-3.1,-12.5,1,10.6,2.57,1092,15,-40,0,91,138,13.90,102.0,Dash,0,0,0,0,0,0,0,0,0,0,
RPM,MAP,Vacuum,Coolant Temp,AFR,Target AFR,AFR Trim %,AFR Learn %,Fan,TPS,Fuel PW,Target RPM,IAC Steps,Idle PID,Pump PWM,Air Temp,Cylinder Temp,Battery,BARO,Run State,Fault,Fault,Fault,Fault,Save Fault,Save Fault,Save Fault,Save Fault,Gear State,vehicle speed,
1685,53.8,-13.6,177,14.0,13.75,-3.1,-12.5,1,10.1,2.59,1092,15,-40,0,91,138,13.90,102.0,Dash,0,0,0,0,0,0,0,0,0,0,
RPM,MAP,Vacuum,Coolant Temp,AFR,Target AFR,AFR Trim %,AFR Learn %,Fan,TPS,Fuel PW,Target RPM,IAC Steps,Idle PID,Pump PWM,Air Temp,Cylinder Temp,Battery,BARO,Run State,Fault,Fault,Fault,Fault,Save Fault,Save Fault,Save Fault,Save Fault,Gear State,vehicle speed,
1701,54.0,-13.6,177,14.1,13.74,-2.3,-12.5,1,10.1,2.62,1092,15,-40,0,91,138,13.90,102.3,Dash,0,0,0,0,0,0,0,0,0,0,
RPM,MAP,Vacuum,Coolant Temp,AFR,Target AFR,AFR Trim %,AFR Learn %,Fan,TPS,Fuel PW,Target RPM,IAC Steps,Idle PID,Pump PWM,Air Temp,Cylinder Temp,Battery,BARO,Run State,Fault,Fault,Fault,Fault,Save Fault,Save Fault,Save Fault,Save Fault,Gear State,vehicle speed,
1663,50.5,-14.5,177,14.2,13.82,-1.6,-14.1,1,9.1,2.34,1092,15,-40,0,91,138,13.90,102.0,Dash,0,0,0,0,0,0,0,0,0,0,
RPM,MAP,Vacuum,Coolant Temp,AFR,Target AFR,AFR Trim %,AFR Learn %,Fan,TPS,Fuel PW,Target RPM,IAC Steps,Idle PID,Pump PWM,Air Temp,Cylinder Temp,Battery,BARO,Run State,Fault,Fault,Fault,Fault,Save Fault,Save Fault,Save Fault,Save Fault,Gear State,vehicle speed,
1693,50.0,-14.7,177,13.9,13.87,-3.9,-14.1,1,9.1,2.37,1092,15,-40,0,91,138,13.90,102.0,Dash,0,0,0,0,0,0,0,0,0,0,
RPM,MAP,Vacuum,Coolant Temp,AFR,Target AFR,AFR Trim %,AFR Learn %,Fan,TPS,Fuel PW,Target RPM,IAC Steps,Idle PID,Pump PWM,Air Temp,Cylinder Temp,Battery,BARO,Run State,Fault,Fault,Fault,Fault,Save Fault,Save Fault,Save Fault,Save Fault,Gear State,vehicle speed,
1713,49.5,-14.8,177,14.0,13.88,-3.1,-14.8,1,8.6,2.34,1092,15,-40,0,91,138,13.90,102.0,Dash,0,0,0,0,0,0,0,0,0,0,
RPM,MAP,Vacuum,Coolant Temp,AFR,Target AFR,AFR Trim %,AFR Learn %,Fan,TPS,Fuel PW,Target RPM,IAC Steps,Idle PID,Pump PWM,Air Temp,Cylinder Temp,Battery,BARO,Run State,Fault,Fault,Fault,Fault,Save Fault,Save Fault,Save Fault,Save Fault,Gear State,vehicle speed,
1660,48.3,-15.3,177,14.2,13.90,-2.3,-15.6,1,8.6,2.25,1092,15,-40,0,91,138,13.90,102.3,Dash,0,0,0,0,0,0,0,0,0,0,
